id,title,location,date,time,organizer
1,Riding Giants,Pavlovsk,12/15/2019,5:25 PM,Feodor Kindread
2,Reprise,Nahāvand,05/18/2020,2:01 PM,Bent Kettlestring
3,Dumb & Dumber (Dumb and Dumber),Shijiao,05/02/2020,8:44 AM,Nathan Cavet
4,Driving Miss Daisy,Churovichi,12/11/2019,12:15 PM,Fabiano Bothe
5,Fuhrer Ex (Führer EX),Velenje,06/01/2020,9:21 PM,Farica Sellner
6,Days of Thunder,Kotlyarevskaya,09/12/2020,6:42 AM,Fee Olney
7,"Black Scorpion, The",Semenivka,09/13/2020,12:00 PM,Silva Theriot
8,"Tsatsiki, Morsan och Polisen",Glugu,07/25/2020,12:25 PM,Eryn Goodrick
9,Ball of Fire,Thap Khlo,10/11/2020,6:22 PM,Garvey Philippsohn
10,"Fog, The",Minjian,01/02/2020,9:12 AM,Darbee Gymlett
11,Jiminy Glick in La La Wood,Deneysville,02/21/2020,6:14 PM,Bartholemy MacPike
12,Tulsa,Tabivere,04/20/2020,12:27 PM,Piggy Rosin
13,Tsunami: Caught on Camera,Fianarantsoa,10/24/2019,4:45 PM,Catherina Heynen
14,Dressed to Kill,Suwaluh,11/12/2019,6:11 PM,Orton Guiel
15,Ripe,Tapes,12/22/2019,5:48 AM,Ruperta O'Bradane
16,Looking for Lenny ,San Isidro,04/30/2020,9:22 PM,Broderic Siddeley
17,Chitty Chitty Bang Bang,Duwakbuter,04/26/2020,3:54 AM,Gwyn Buff
18,Unraveled,Caobi,02/22/2020,4:10 PM,Maddy Cleaton
19,Apocalypse Now,Brétigny-sur-Orge,01/02/2020,10:32 PM,Madalena Poulden
20,Meet the Robinsons,Lue Amnat,03/19/2020,2:10 AM,Cassandry Renzo
21,"Acapulco, First Beach... To the Left",Lluchubamba,11/13/2019,4:26 AM,Philomena Vivien
22,Jackass Number Two,Zwierzyniec,01/07/2020,1:24 AM,Kristian Praundl
23,6ixtynin9 (Ruang Talok 69),Tulsa,05/16/2020,11:18 AM,Waldon Tire
24,Spinning Plates,Puerto Berrío,06/06/2020,9:59 AM,Lucky Simkovitz
25,Charisma (Karisuma),Göteborg,09/24/2020,7:39 PM,Lucina Marden
26,Bleach: Fade to Black (Bur&#299;chi Fade to Black Kimi no Na o Yobu),Humble,12/13/2019,6:28 AM,Quinton Gonin
27,"City Dark, The",Keffin Hausa,09/20/2020,3:37 AM,Winni Stokes
31,"Americanization of Dima, The New York,09/25/2020,8:37 PM,Dmytro Uchkin
32,Greedy,Piedras,12/12/2019,3:37 AM,Justinn Ragate
33,"OH in Ohio, The",Dumaguete,06/02/2020,3:30 PM,Filia Trim
34,"Little Shop of Horrors, The",Ourovéni,03/22/2020,6:06 AM,Coop Gowthrop
35,"Amor brujo, El (Love Bewitched, A)",Niu,07/15/2020,3:50 AM,Ernie Tarr
36,Cat on a Hot Tin Roof,Myski,09/08/2020,4:30 AM,Michelina Haslock(e)
37,Outlaw Blues,Kramsk,05/30/2020,7:34 AM,Jerad Blazeby
38,Blackbird,Jiantang,06/29/2020,2:19 AM,Janifer Sapauton
39,Danger: Diabolik (Diabolik),Mirabel,07/17/2020,2:20 PM,Holli Mathen
40,Made in Jamaica,Cañas,02/14/2020,1:46 PM,Chrystal Harland
41,Don't Stop Believin': Everyman's Journey,Shengao,09/30/2020,2:46 PM,Osbourne Valois
42,Primer,Cachadinha,04/18/2020,4:21 PM,Arel Pretor
43,Another Year,Fatumnasi,12/14/2019,3:00 AM,Chrisy Botwright
44,"House on Sorority Row, The",Rochester,07/05/2020,7:51 AM,Sonnnie Nelsen
45,"Acadia Acadia?!? (L'acadie, l'Acadie)",Chorotis,10/30/2019,2:06 PM,Rosie Lissett
46,Boundin',Cicheng,01/26/2020,4:33 PM,Payton Simionescu
47,Clandestine Childhood,Kembangarum,05/29/2020,6:52 AM,Ennis Kilmaster
48,Sharpay's Fabulous Adventure,Cawayan Bugtong,12/29/2019,12:48 AM,Barbey Klos
49,"Great King, The (Der große König)",Chadiza,05/21/2020,6:16 PM,Clementius Holstein
50,Crime Wave,Ponta Grossa,01/17/2020,8:09 PM,Maurice Vuittet
51,Morning Glory,Zerok-Alakadari,01/22/2020,11:42 PM,Ginger Plumbley
52,Big Animal (Duze zwierze),Nūr,03/25/2020,12:14 AM,Barry Vasiltsov
53,Post Tenebras Lux,Rosais,01/29/2020,10:04 PM,Cornelia Westhofer
54,50 Children: The Rescue Mission of Mr. And Mrs. Kraus,Lokorae,11/11/2019,6:12 PM,Robina Nordass
55,Lone Wolf and Cub: Baby Cart in the Land of Demons (Kozure Ôkami: Meifumadô),Sijunjung,08/08/2020,1:14 AM,Adel Kerfut
56,Sherlock Holmes,Xinying,03/19/2020,3:29 PM,Andonis Lamzed
57,Toomorrow,Olavarría,10/04/2020,2:21 AM,Lind Secretan
58,Coming Down the Mountain,Vágia,12/08/2019,12:10 AM,Carola Meachen
59,Children of the Corn IV: The Gathering,Cikarang,01/04/2020,9:34 PM,Mikael Turk
60,Tis kakomoiras,Solnechnogorsk,04/11/2020,9:13 AM,Asa Skillings
61,"Ritz, The",Matsue-shi,08/23/2020,5:31 AM,Weylin Balderston
62,Bright Star,Säffle,04/08/2020,9:28 AM,Melvyn Tudbald
63,Crumb,Jardin,02/11/2020,7:33 PM,Sadye Kenright
64,Microcosmos (Microcosmos: Le peuple de l'herbe),Beolgyo,08/30/2020,1:09 PM,Aurilia De Blasio
65,Blood and Concrete (Blood & Concrete: A Love Story),Zlatar,06/26/2020,5:25 AM,Darnell Rospars
66,"Outlaw, The (Lope)",Xinshancun,04/21/2020,9:28 AM,Cassaundra Allsebrook
67,"Sorry, Haters",Empedrado,10/01/2020,12:49 AM,Cullie Tetsall
68,Electronic Labyrinth THX 1138 4EB,Shashūbay,02/02/2020,10:08 AM,Alfred McKerron
69,Paper Moon,Alchevs’k,11/25/2019,12:09 PM,Helaina Fowden
70,Amore (L'Amore),Francisco I Madero,02/12/2020,11:37 PM,Roobbie Gledstane
71,Minecraft: The Story of Mojang,Areado,01/26/2020,11:49 AM,Kirsten Reavey
72,"Treatment, The",Bacag,03/17/2020,8:23 AM,Che Dineges
73,"Flat, The",Xilong,12/25/2019,12:22 AM,Collin Rendell
74,Bob the Butler,Oranmore,03/04/2020,5:51 PM,Beatrice Mackie
75,"Man from the Future, The (O Homem do Futuro)",Sandayong Sur,07/29/2020,11:38 PM,Juliann Shephard
76,I Think I Love My Wife,Chornukhyne,05/28/2020,10:34 AM,Sindee Lemoir
77,"Last Season, The",Youzha,05/26/2020,8:24 AM,Cory Tomkys
78,"Ordet (Word, The)",Marelesu,11/24/2019,3:53 AM,Wiatt Lempertz
79,Don't Look Now: We're Being Shot At (La grande vadrouille),La Puerta de San José,08/30/2020,6:31 AM,Burnard Mabb
80,Belle Starr,Iwŏn-ŭp,06/04/2020,6:40 AM,Josee Dearl
81,"Boy, Did I Get a Wrong Number!",Rogongon,12/22/2019,5:34 PM,Jackqueline Greatland
82,Meet the Robinsons,Phước An,11/23/2019,2:25 AM,Harrie Holbie
83,Triggermen,Paris 19,09/23/2020,9:59 PM,Valentia Pittford
84,Wrong Turn at Tahoe,Baini,04/16/2020,8:17 AM,Gar Ackred
85,Thrive,Zhuge,11/11/2019,6:07 AM,Salomi Dauby
86,"Othello (Tragedy of Othello: The Moor of Venice, The)",Brea Pozo,06/26/2020,10:43 AM,Hadria Skrines
87,"Westerner, The",Sang-e Māshah,09/12/2020,11:42 AM,Jody Sollitt
88,"Extraordinary Adventures of Adèle Blanc-Sec, The",Shaxi,10/28/2019,8:54 PM,Sharla Baum
89,Glorious 39,Tilik,10/19/2020,1:48 PM,Martynne Rorke
90,Hoot,Gumawang,02/24/2020,9:23 AM,Alexia Wixey
91,"Hidden Fortress, The (Kakushi-toride no san-akunin)",Yambrasbamba,05/06/2020,1:04 AM,Cchaddie Artindale
92,"Passionate Friends, The (a.k.a. One Woman's Story)",Longsheng,05/28/2020,5:48 PM,Noby Tockell
93,Faith School Menace?,Santiago de María,11/28/2019,7:46 AM,Kaylee McCarron
94,Bhaag Milka Bhaag,Cabreúva,10/23/2019,2:37 AM,Kaela Dineen
95,"Notorious Landlady, The",Jumpangdua,10/14/2020,11:36 PM,Jayme Bonnesen
96,Bob Funk,Skoura,12/21/2019,6:58 AM,Lucian Freezor
97,"Cold Water (Eau Froide, L')",Alcorriol,07/27/2020,6:46 AM,Rory Cod
98,Bride of Re-Animator,Pedro Miguel,09/19/2020,5:25 AM,Alvie Kops
99,Where the Red Fern Grows,Petaling Jaya,11/08/2019,3:43 PM,Portie Lapre
100,Fanny,Naudero,04/04/2020,4:34 AM,Marlowe Zoanetti
101,"East Side, West Side",Cacocum,01/21/2020,8:06 PM,Odo Van der Mark
102,"Lost Boys, The",Takum,07/13/2020,4:28 PM,Kelcy MacNelly
103,My Demon Lover,Haocun,07/15/2020,3:24 AM,Freemon Snaddon
104,Back Street,Martigues,01/19/2020,11:25 AM,Darline Dobbing
105,"Birdsong (Cant dels ocells, El)",Vilhelmina,11/06/2019,5:55 AM,Grove Knevett
106,"Charter Trip, The (a.k.a. Package Tour, The) (Sällskapsresan)",Georgiyevka,10/03/2020,9:15 PM,Dolley Heinsh
107,"Pirate Movie, The",Frederiksberg,10/25/2019,6:25 PM,Kienan Rispine
108,"Devil Bat, The",Laiponda,07/08/2020,10:07 PM,Issie Ruspine
109,"Constant Gardener, The",Candijay,05/23/2020,1:33 AM,Denice Waldron
110,Fright Night,Plymouth,02/18/2020,8:28 PM,Nydia Hosier
111,Diên Biên Phú,Windsor,11/28/2019,11:41 AM,Stormi Kenrat
112,"Witches of Eastwick, The",Yishui,04/14/2020,5:17 AM,Lexy Gauch
113,Charley Varrick,Sūq al Khamīs,08/12/2020,12:37 PM,Porty Rassmann
114,"Comebacks, The",Mahe,11/04/2019,10:05 AM,Benjy Behagg
115,How to Make Money Selling Drugs,Taverny,02/23/2020,8:41 AM,Rochella Dumberrill
116,"Matter of Life and Death, A (Stairway to Heaven)",Chlói,01/22/2020,12:16 PM,Agace Cremer
117,Stay,Maojia,10/31/2019,4:18 PM,Brigida Schiell
118,Highlander: The Search for Vengeance,Radomir,12/20/2019,1:51 AM,Fayre Wallentin
119,Two-Way Stretch,Ilangay,05/03/2020,12:19 AM,Amelia Rushbury
120,Beauty and the Beast (Beauty and the Beasts: A Dark Tale),Buenos Aires,10/16/2020,5:13 AM,Leann Scouse
121,Not Suitable for Children,Buga,09/24/2020,4:49 AM,Mariette Cregg
122,Mon Oncle Antoine,Quisao,03/27/2020,8:15 AM,Margareta Izakovitz
123,Doctor X,Greenville,03/16/2020,4:55 PM,Kippy Sitlinton
124,Black Eagle,Porsgrunn,01/04/2020,2:17 AM,Flossy Joddins
125,Mrs. Miniver,Timahankrajan,02/24/2020,1:44 PM,Teodoor Viscovi
126,Challenge of the Masters (Liu A-Cai yu Huang Fei-Hong),Nan’an,09/06/2020,4:59 AM,Ashlin Petrolli
127,Four more years (Fyra år till),Oxford,06/20/2020,4:32 AM,Darlene Pecht
128,"Day the Earth Caught Fire, The",Xibei,01/28/2020,4:51 PM,Ianthe Fountian
129,Vares: The Path of the Righteous Men (Vares - Kaidan tien kulkijat),Caotang,02/28/2020,8:39 PM,Hettie Alp
130,Don't Bother to Knock,Otradnaya,02/23/2020,2:42 AM,Letta Gillanders
131,"Mayor of Hell, The",Makuyuni,03/17/2020,11:29 PM,Claybourne Woolfitt
132,Cinderella,Agago,12/26/2019,8:21 PM,Agna Horwell
133,Maria (Mariya),Longhua,10/14/2020,1:24 AM,Alyss Tofful
134,Days of Thunder,Campina Grande do Sul,12/17/2019,11:52 AM,Roderich Piletic
135,Shadow Boxers,Providence,09/03/2020,10:41 AM,Addison Risely
136,Elizabeth I,Bankim,01/15/2020,2:12 PM,Byram Fernez
137,Shinjuku Incident (San suk si gin),Laingsburg,03/29/2020,8:07 AM,Wat Filppetti
138,Quiz Show,Ludwin,08/08/2020,12:16 PM,Massimo Leere
139,Peepli Live,Ivanava,07/17/2020,10:26 PM,Sarine Wakeling
140,Craigslist Joe,Augsburg,02/03/2020,2:45 AM,Gradeigh Mockler
141,Topper,Zhong’an,07/29/2020,7:58 PM,Gustavus Caruth
142,Kotch,Westonaria,03/14/2020,12:58 AM,Mick Prestidge
143,Christmas Evil (a.k.a. You Better Watch Out),Vilhena,01/29/2020,3:08 AM,Conny Antoni
144,"Time to Love and a Time to Die, A",Novouzensk,11/20/2019,1:51 AM,Mace Collie
145,"Hobbit: An Unexpected Journey, The",Torsby,02/28/2020,7:09 PM,Eustacia Scotchmor
146,Louis Theroux: Twilight of the Porn Stars,Baton Rouge,03/19/2020,6:52 PM,Xever Briar
147,Children of the Corn: Genesis,Nanao,01/11/2020,2:35 AM,Lurline Surmeyer
148,Welcome Mr. Marshall (Bienvenido Mister Marshall),Skrzyszów,01/05/2020,4:38 PM,Thurstan Beggio
149,Monsieur Vincent,Bejuco,06/13/2020,9:20 AM,Marylou Dunks
150,Come and Get It,Mayang,04/04/2020,6:32 AM,Ardelis Juggings
151,Mother Knows Best,Adelaide Mail Centre,01/27/2020,1:13 PM,Rakel Shortcliffe
152,Tokyo Fist (Tokyo ken),Visby,11/10/2019,9:38 AM,Artemus Langham
153,Space Pirate Captain Harlock: Arcadia of My Youth (Waga seishun no Arcadia),Gendiwu,05/25/2020,11:20 AM,Lora Walshe
154,"Peace, Propaganda & the Promised Land",Kolonowskie,04/12/2020,5:45 AM,Isaiah Bartalot
155,Once Upon a Time in Phuket (En gång i Phuket),Tilburg,12/24/2019,6:05 AM,Genevra Spinella
156,Dust,Illapel,12/11/2019,6:25 PM,Aggi Baythorp
157,The Studio Murder Mystery,Ḩawf,06/14/2020,3:18 AM,Hartley Pawley
158,Eye of the Tiger,Pasarkolot,06/04/2020,5:09 AM,Bernette McVeagh
159,Fade to Black,Novo Hamburgo,04/07/2020,7:48 AM,Marty Wathan
160,Undefeated,Nikita,09/23/2020,3:45 PM,Lindsay Borsi
161,"Man Called Peter, A",Xitan,03/09/2020,9:20 PM,Rochell de Castelain
162,Ginger Snaps,Gibsons,05/13/2020,4:03 PM,Honor Serrier
163,Cinderella III: A Twist in Time,El Mida,01/24/2020,4:42 PM,Mandi Shreeves
164,I Love You Too (Ik ook Van Jou),Bang Saphan,04/27/2020,4:49 AM,Culver Manuely
165,Why Man Creates,Ruangwa,10/21/2019,11:59 AM,Brendin Rowan
166,Hellraiser: Bloodline,Tangkou,07/01/2020,6:42 PM,Loren Yakovich
167,Slam,Candelária,07/02/2020,8:27 AM,Wrennie Philot
168,Carmen,Lavradio,10/16/2020,1:47 PM,Angie Grannell
169,Epic Movie,Kraków,08/06/2020,7:42 AM,Lydia Bleddon
170,Road Trip: Beer Pong,Loughrea,10/29/2019,2:36 AM,Floyd Corking
171,"Exterminator, The",Novotroitskaya,10/19/2020,1:08 AM,Valerye Darbon
172,Tucker & Dale vs Evil,Néa Magnisía,05/13/2020,11:18 PM,Cull Roughsedge
173,Palme,Borzytuchom,12/18/2019,7:24 AM,Micah Mogra
174,Rookie of the Year,Pianling,12/29/2019,11:16 PM,Charmaine Saladino
175,Bustin' Loose,Dimataling,09/22/2020,7:47 AM,Jacquelynn Rodgers
176,Funny Games U.S.,Píritu,05/17/2020,3:47 AM,Barton Brewood
177,Crime on the Highway,Sanjing,05/25/2020,9:00 PM,Oneida Speke
178,"Wild Angels, The",Hostos,10/13/2020,9:26 PM,Ashlin Heakey
179,Wagon Master,Jiangbei,06/02/2020,5:03 PM,Giustino Tombling
180,Notorious C.H.O.,Al Mālikīyah,11/01/2019,11:48 AM,Perceval Wallbanks
181,If You Love (Jos rakastat),Huangshan,03/28/2020,4:39 AM,Katherina Pebworth
182,Cherish,Nyuksenitsa,06/07/2020,12:21 PM,Sheeree Lavigne
183,Knockout,Iporá,10/09/2020,8:10 PM,Cally Angell
184,Killjoy Goes to Hell,Chaka,11/19/2019,8:42 PM,Zahara Cowlas
185,I'm King Kong!: The Exploits of Merian C. Cooper ,Hyattsville,03/15/2020,12:58 AM,Celle Whelpdale
186,Midnight in the Garden of Good and Evil,Konary,09/09/2020,8:38 AM,Bartholomeus Cornew
187,Kill! (Kiru),Lancheng,04/03/2020,1:21 PM,Jany Winspeare
188,"Citizen, The",Waihai,06/24/2020,4:59 PM,Yorgos Softley
189,Daylight,La Tour-du-Pin,11/03/2019,1:00 AM,Estelle Wylam
190,"Mirror, The (Ayneh)",Niugan,10/18/2020,3:21 PM,Jazmin Brymham
191,Love Hina Christmas Special: Silent Eve (Rabu Hina kurisumasu supesharu: Sairento ivu),Nūrābād,03/18/2020,5:48 AM,Joni Dearness
192,Sheitan,Péplos,04/13/2020,7:47 AM,Helen Pattemore
193,"Better Place, A",Kamenný Přívoz,11/01/2019,8:17 AM,Hayes Gayler
194,Destiny in Space,New Sibonga,01/24/2020,9:50 AM,Lancelot McIlvoray
195,Camp Rock 2: The Final Jam,Suugaant,09/02/2020,3:22 PM,Vivyan Bearsmore
196,Summertime,Jovellar,05/15/2020,6:12 PM,Jaclyn Jarman
197,I Got Next,Skanör,01/29/2020,12:13 PM,Brennen Caveney
198,Stromberg - Der Film,Arys,12/29/2019,6:11 PM,Adena Copper
199,"Last of Robin Hood, The",Brandfort,07/13/2020,11:11 AM,Oswell Burgisi
200,Babysitter Wanted,Shuangta,12/28/2019,9:19 PM,Joice Bruineman
201,"Woman Always Pays, The (Afgrunden) (Abyss, The)",Ovsyanka,08/01/2020,10:06 AM,Bradan Camous
202,Dogtown and Z-Boyz,Kagal’nitskaya,05/26/2020,3:35 AM,Carolin Elloy
203,Movie Crazy,Meghrashen,05/13/2020,3:19 PM,Dominica Pinckney
204,Superman and the Mole-Men,Yangkou,04/12/2020,7:41 PM,Cy Lucks
205,"Incredible Shrinking Woman, The",Guxi,06/26/2020,1:17 AM,Maighdiln Stanton
206,Fake It So Real,Yamoto,06/22/2020,7:26 AM,Simmonds Dilrew
207,2 Days in the Valley,Ljubuški,10/15/2020,7:51 PM,Tamera Kibbye
208,Room at the Top,Darong,05/26/2020,6:09 PM,Ardath Kennedy
209,My Wife Is a Gangster 2 (Jopog manura 2: Dolaon jeonseol),Chiang Mai,07/10/2020,4:16 AM,Rodger Borthe
210,Where the Trail Ends,Tsukumiura,09/05/2020,5:56 AM,Imogen Ianinotti
211,Chocolat,Szelków,04/28/2020,3:20 AM,Prudi Herreran
212,Applause (Applaus),Suphan Buri,07/22/2020,8:05 PM,Rebecca Vinck
213,So Much So Fast,Dostoyevka,05/15/2020,4:42 PM,Georgia Kubatsch
214,In the Land of Blood and Honey,Tielu,01/24/2020,2:48 AM,Liana Darrell
215,The New Girlfriend,Poá,05/03/2020,8:31 PM,Donella Szymon
216,Tell Me Something (Telmisseomding),Lysyanka,11/20/2019,4:31 AM,Fayette Gudge
217,First Name: Carmen (Prénom Carmen),Libochovice,05/26/2020,8:38 PM,Ode Shimony
218,I Love You to Death,Hamberang Sabrang,01/29/2020,2:42 AM,Cristobal McComas
219,Go,Suining,01/26/2020,2:53 PM,Konstance Mowle
220,Abandon Ship! (Seven Waves Away),Yangjinzhuang,03/02/2020,6:26 PM,Tracee McConnel
221,"Leopard Son, The",Porvenir,12/16/2019,7:23 PM,Kirbee Welbrock
222,Satan's Brew (Satansbraten),Marystown,03/16/2020,6:50 PM,Germain McCulloch
223,My Brother the Devil,Borlänge,07/15/2020,2:03 AM,Fawn Scholz
224,"Ordeal, The (Calvaire)",Dagang,07/12/2020,6:21 AM,Laurel Simmonds
225,Requiem,Sidi Yahya Ou Saad,08/22/2020,8:31 AM,Rica Boydon
226,Visitors,Åstorp,03/12/2020,10:34 PM,Gerrilee Maffione
227,Happy New Year (La Bonne Année),El Aguilar,01/24/2020,12:54 PM,Jody Arnowitz
228,Slasher,Monte,06/25/2020,2:18 PM,Towny Howship
229,Renoir,Santa Rosa,05/28/2020,10:28 PM,Rivy Scalia
230,"Strawberry Statement, The",Hornówek,02/09/2020,11:32 AM,Skylar McIlwraith
231,"Gravedancers, The",Pitangui,10/06/2020,3:22 AM,Lucius Liddle
232,PT 109,Washington,07/15/2020,9:06 AM,Lissi Bollam
233,Tokyo Fist (Tokyo ken),Kameoka,10/13/2020,9:35 PM,Claudio MacCrossan
234,Just Pals,Zwolle,02/17/2020,12:06 AM,Devinne Tindall
235,Kozara,Göteborg,12/10/2019,1:38 AM,Hadrian Alwood
236,"Kennedys, The",Mombetsu,06/20/2020,12:41 PM,Dulcea Ellery
237,Things to Do in Denver When You're Dead,Pangradin Satu,01/01/2020,8:30 PM,Cherie Birtle
238,Ernest Goes to Africa,Krajan,01/27/2020,6:29 PM,Selestina Monelle
239,Carmen,Ringinrejo,03/18/2020,5:02 AM,Tabb Silliman
240,Miss Sweden (Fröken Sverige),Gunajaya,09/14/2020,5:11 PM,Roth McParlin
241,Revenge of the Nerds II: Nerds in Paradise,Saqqez,07/12/2020,3:37 PM,Berni Howlings
242,Dead Man Walking,Veinticinco de Mayo,04/08/2020,6:15 AM,Hollyanne Doerrling
243,Living with the Fosters,Shwebo,07/03/2020,2:59 AM,Thayne Kitcat
244,Waterloo Bridge,Fengting,02/02/2020,12:36 AM,Avrit Gilchrest
245,"Heroes of Telemark, The ",Chanhe,12/15/2019,12:32 PM,Symon Devas
246,Missing in Action,Horodnytsya,08/15/2020,7:59 PM,Perren Nurdin
247,Sleepers,Suibara,12/27/2019,11:10 PM,Ervin Coppock.
248,"Proprietor, The",Kungsbacka,08/29/2020,9:31 PM,Byrann Runcie
249,Schlussmacher,Kampungladang,12/11/2019,3:26 PM,Bidget Saunier
250,"Cold Light of Day, The",Grivenskaya,07/20/2020,9:04 AM,Ettore Wolfendell
251,Choke,Masuguru,05/30/2020,2:33 AM,Hubie Gossop
252,Joysticks,Vertientes,05/14/2020,5:43 AM,Aloysia Royall
253,Shanghai Dreams (Qing hong),Carvalhal,12/22/2019,4:11 AM,Eolande Ascraft
254,"Getaway, The",São Filipe,01/26/2020,5:45 AM,Kinna Krienke
255,$9.99,Nanterre,11/13/2019,1:56 PM,Armstrong Pinfold
256,"Wicker Man, The",Wirral,10/30/2019,10:40 PM,Muffin Oldroyd
257,Mischief Night,Gulu,04/27/2020,2:47 AM,Constancy Infante
258,Classmates,Lanling,12/03/2019,2:39 PM,Lewiss Papaminas
259,Complicit,Aş Şūrah aş Şaghīrah,10/14/2020,10:42 PM,Othilie Dillintone
260,"Host, The",Kangshan,11/11/2019,9:24 AM,Stevena Hacaud
261,"Red Chapel, The (Røde kapel, Det)",Were Īlu,10/16/2020,8:01 AM,Verile Robichon
262,Ripley's Game,Hongtu,03/03/2020,7:39 AM,Riannon Guillon
263,On Her Majesty's Secret Service,Los Santos,02/19/2020,6:40 AM,Konstantin Spykins
264,"Internship, The",Kujung,07/03/2020,12:44 AM,Dallas Cosstick
265,Godzilla vs. King Ghidorah (Gojira vs. Kingu Gidorâ),Sevaster,12/15/2019,3:11 AM,Krystal Clutton
266,Shipwrecked (a.k.a. Haakon Haakonsen),Gort,01/11/2020,4:13 AM,Hanny Farington
267,Kissed,Sirte,04/21/2020,9:09 AM,Renaldo Juniper
268,Dickson Greeting,Liuhe,07/14/2020,4:07 PM,Marcelline Werlock
269,Prom Night,Girang,12/19/2019,1:26 AM,Sonja Douse
270,Mulberry Street,Akashi,08/11/2020,2:18 AM,Patin Pockett
271,"Bone Man, The (Der Knochenmann)",Jilib,02/24/2020,7:32 AM,Rheta Sherwin
272,Ratko: The Dictator's Son (National Lampoon's Ratko: The Dictator's Son),Pocsi,03/18/2020,2:56 PM,Tab Hyrons
273,Diminished Capacity,Julayjilah,02/22/2020,9:58 PM,Rurik Illesley
274,44500 Max,Linköping,09/05/2020,3:34 AM,Pedro Vignaux
275,"Seventh Brother, The (A hetedik testvér)",Baini,10/19/2020,10:06 AM,Amitie Ferber
276,Wrong Is Right (a.k.a. The Man With the Deadly Lens),Lingshan,04/13/2020,9:41 PM,Michaella Jervis
277,Ruby Cairo,Toulon,03/03/2020,2:43 PM,Fraser Gustus
278,Cat's Eye,Nizhnyaya Omka,10/01/2020,3:03 AM,Ginger Hoolaghan
279,Challenge of the Masters (Liu A-Cai yu Huang Fei-Hong),Cibeureum,03/31/2020,10:36 PM,Leonard Treace
280,Hatchet II,Golmud,01/14/2020,6:04 AM,Ranique Sawdon
281,"Blue Kite, The (Lan feng zheng)",Esuk Oron,10/06/2020,11:49 AM,Yves Lukianovich
282,Ballplayer: Pelotero,Wałcz,12/10/2019,5:15 AM,Duffie Akers
283,"Crimson Kimono, The",Dragash,04/03/2020,3:10 AM,Flore Wrightim
284,"Strange Case of the End of Civilization as We Know It, The",Xinan,07/07/2020,5:16 PM,Devi Lowther
285,Vanya on 42nd Street,Santiago,01/22/2020,7:35 AM,Berti Hardwin
286,Ironclad,Cové,10/15/2020,3:03 AM,Avis Marquot
287,"Bucket List, The",Metapán,12/08/2019,5:20 PM,Agathe Belden
288,Zuzu Angel,Tokār,05/12/2020,6:42 PM,Antonius Isakovitch
289,"Bunch Of Amateurs, A",Longkou,01/12/2020,5:06 AM,Micky MacEveley
290,Quartet,Brak,07/29/2020,5:28 PM,Othello Featherby
291,Night Train,Pingshui,01/25/2020,9:14 AM,Sadie Jacketts
292,Samurai III: Duel on Ganryu Island (a.k.a. Bushido) (Miyamoto Musashi kanketsuhen: kettô Ganryûjima),Kissidougou,10/10/2020,4:43 AM,Nikaniki Fusedale
293,2081,Nantes,02/22/2020,11:10 PM,Kakalina Tailby
294,Summer Holiday,Bengga,04/30/2020,12:04 AM,Lawrence Bearman
295,"Guy and a Gal, A (En kille och en tjej)",Wutong,04/28/2020,5:53 AM,Teodorico Halliburton
296,Flubber,Pitalito,12/25/2019,7:05 PM,See Pauly
297,"Young Lieutenant, The (Le petit lieutenant)",Mendī,06/24/2020,2:45 PM,Jo Evason
298,Less Than Zero,Yelizavetinskaya,11/22/2019,5:31 AM,Thorndike Andrivot
299,For the Birds,Punta Hermosa,07/01/2020,8:45 PM,Rick Snalom
300,How to Murder Your Wife,Pinhal de Frades,11/21/2019,10:41 AM,Derry Debling
301,Supermensch: The Legend of Shep Gordon,Nowshahr,07/23/2020,5:59 PM,Bert Clee
302,Sorority House Massacre II,Ōta,06/18/2020,12:22 PM,Danell Bowsher
303,Foolish,Laingsburg,12/27/2019,10:47 PM,Anatollo Yushmanov
304,Yrrol: An Enormously Well Thought Out Movie (Yrrol - en kolossalt genomtänkt film),Perugia,11/09/2019,3:09 PM,Flinn Holyland
305,Iron Man 3,Erhe,08/30/2020,2:34 AM,Bartolomeo Pahl
306,"Exorcist III, The",Mengyin,04/01/2020,3:54 PM,Cymbre Ackrill
307,S.W.A.T.,Obong,06/04/2020,6:29 PM,Linette Pimblott
308,"City Below, The (Unter dir die Stadt)",Liqi,04/14/2020,11:37 PM,Doug Tomini
309,Una Noche,Taishihe,02/06/2020,11:10 PM,Katuscha Dmytryk
310,Murder Ahoy,Tuanjie,02/24/2020,12:16 PM,Roarke Dutchburn
311,"Gumball Rally, The",Huaikan,06/05/2020,7:23 AM,Norman Ruberry
312,Juarez,Hirado,05/08/2020,5:26 AM,Rosabelle Fanton
313,Dana Carvey: Squatting Monkeys Tell No Lies,Kayar,11/03/2019,9:44 AM,Concordia Olliff
314,"Boys, Les",Pueblo Nuevo,04/20/2020,4:27 PM,Orelee Ryce
315,Breaking the Silence: Truth and Lies in the War on Terror,Lumil,06/24/2020,2:47 PM,Diahann Glanister
316,Return of the Living Dead: Necropolis,Necoclí,08/02/2020,12:03 AM,Ross Carlisi
317,Peepli Live,Okinawa Número Uno,11/04/2019,5:27 PM,Jillie Palluschek
318,"13th Letter, The",San Andres,07/22/2020,12:43 AM,Sofie Kiehl
319,Pork Chop Hill,Xiaolong,03/27/2020,10:42 AM,August Madre
320,"Passion of Anna, The (Passion, En)",Bairro de Santo António,07/19/2020,10:45 AM,Godart Cullivan
321,Doctors' Wives,Tabant,06/11/2020,9:04 AM,Myra Knevett
322,"Pyramid of Triboulet, The (La pyramide de Triboulet)",Bago City,05/08/2020,4:17 AM,Alli Hinks
323,Metropia,Kandi,03/13/2020,6:49 PM,Bryant Aylmer
324,Oklahoma Crude,Oslob,07/03/2020,8:58 PM,Adele Grigoire
325,Going Ape!,Yumendong,03/19/2020,2:57 PM,Eartha Fibbit
326,Cyclomania,Itami,10/26/2019,4:11 PM,Jackson Mountford
327,Gojoe: Spirit War Chronicle (Gojo reisenki: Gojoe),Dakoutun,01/29/2020,5:33 PM,Mirelle Dunster
328,Gang Tapes,Monte Leite,05/05/2020,10:05 AM,Evy Noah
329,Blind Faith,Dumbéa,04/11/2020,11:43 PM,Zita Jervois
330,Wicked Little Things,Quế Sơn,09/01/2020,8:41 AM,Cassandry Radnage
331,Head-On (Gegen die Wand),Lanci Satu,01/17/2020,3:58 PM,Redd Dauber
332,Johnny Was,Francistown,06/02/2020,6:37 PM,Alyse Acock
333,Kiss the Bride,Kitakyūshū,03/31/2020,5:50 PM,Claresta Panichelli
334,Tracy Morgan: Black and Blue,Xiaochi,01/25/2020,8:19 PM,Elroy Kerin
335,Sacrifice (Zhao shi gu er),Milwaukee,05/22/2020,4:32 PM,Henryetta Jeavons
336,Downhill Racer,Guihulñgan,05/09/2020,6:39 AM,Alexander Elford
337,Beauty Prize,Ikey,01/24/2020,12:30 PM,Padgett Keddie
338,Petals on the Wind,Honglin,07/09/2020,3:38 PM,Mallissa Southcoat
339,"Trouble with Bliss, The",Cochabamba,05/31/2020,2:16 AM,Deidre Wigglesworth
340,Ice Soldiers,Umeå,04/11/2020,8:55 AM,Adella Castelyn
341,Homicide,Tuapukan,12/04/2019,5:17 AM,Darill Fuller
342,"I Love You, Don't Touch Me!",Cai Doi Vam,12/25/2019,5:31 PM,Erick Sandhill
343,Born to Fight,Chaniá,07/30/2020,10:35 PM,Herb Matyatin
344,Joanna,Wangliao,12/04/2019,2:03 PM,Bellina Gonnet
345,"Fifth Cord, The (Giornata nera per l'ariete)",Forquilhinha,09/22/2020,9:53 PM,Francisco Dabbs
346,"Big Bounce, The",Binguang,09/20/2020,7:45 AM,Bertrand Ratter
347,Men of Honor,Besuk Selatan,12/22/2019,7:25 AM,Devy Lerven
348,Armageddon,Vyzhnytsya,05/21/2020,4:21 PM,Colan Pardie
349,Hum Aapke Hain Koun...!,Ayo,12/25/2019,4:09 PM,Sherwin Ambrosini
350,Rollover,Xinji,11/22/2019,6:50 PM,Matthew Vignaux
351,In Your Eyes,Montelíbano,06/30/2020,12:55 PM,Tani Reames
352,Meetin' WA,Kembé,08/11/2020,5:50 PM,Druci Fishly
353,"Unknown, The (a.k.a. Alonzo the Armless)",Rungis,05/10/2020,9:37 AM,Dari Aleshintsev
354,"Girl from Jones Beach, The",Xiawa,11/01/2019,9:01 PM,Gaylor Portch
355,The Cyclone,Guimarães,06/24/2020,11:18 PM,Petrina Cuttings
356,"Welcome, or No Trespassing",‘Anat al Qadīmah,08/19/2020,12:50 PM,Debbi Trow
357,"New Country, The (Det nya landet)",Yoshikawa,01/25/2020,10:58 AM,Kacey Seys
358,"Secret Life of Words, The",Cali,11/28/2019,8:50 PM,Ephrayim Nardrup
359,"Far Off Place, A",Nsok,09/10/2020,9:17 PM,Perry Gilyatt
360,"Racket, The",Cocachacra,04/06/2020,5:30 AM,Olive Lerer
361,Straw Dogs,Ust-Kamenogorsk,07/21/2020,1:32 PM,Kakalina MacDunlevy
362,Lilies,San Luis,01/22/2020,8:31 PM,Sapphire Grishukov
363,The Brides of Fu Manchu,Bristol,05/11/2020,6:24 PM,Grayce Dunsire
364,Gardenia,Siao,03/08/2020,8:03 PM,Theresa Birrane
365,Five Card Stud (a.k.a. 5 Card Stud),Maao,09/21/2020,3:05 PM,Webb Popelay
366,Prowl,Saint Louis,10/17/2020,7:03 PM,Gianni Deans
367,"African Queen, The",Taiping,10/17/2020,7:49 PM,Abigale Cometti
368,And So It Goes,Krajan Nglinggis,02/21/2020,11:30 AM,Francene Breslane
369,Satanas,Samokov,09/21/2020,1:44 PM,Gard Northfield
370,And While We Were Here,Sepekov,05/25/2020,9:44 PM,Verla Hubach
371,"Thief of Bagdad, The",Adelaide Mail Centre,02/17/2020,2:02 AM,Torey Traynor
372,As Long as You've Got Your Health (Tant qu'on a la santé),Puerres,12/14/2019,2:08 PM,Belva Randell
373,Somersault,Nangalisan,11/12/2019,3:59 PM,Arny Bartke
374,Me and Him (Ich und Er),Malvas,07/24/2020,2:34 AM,Dominick Martinovsky
375,7500,Jiefang,03/31/2020,4:58 AM,Morena McAree
376,Torremolinos 73,Pakxé,11/12/2019,12:12 PM,Lisha Rozzier
377,"Postman, The",Praia da Barra,11/15/2019,9:40 PM,Zachary McCorry
378,Blind,Khlong Sam Wa,05/14/2020,2:03 PM,Kaylil Zelland
379,Diamond Men,Sidi Moussa,08/31/2020,1:09 PM,Lindsey Plester
380,"Face of Another, The (Tanin no kao)",Orerokpe,09/24/2020,10:59 PM,Gill Varns
381,"Anniversary Party, The",Laau,11/23/2019,7:34 PM,Paule Houtby
382,Millie,Jeong,02/21/2020,5:05 PM,Dedra Drewitt
383,Jack and Diane,Dongjie,01/15/2020,11:28 PM,Terza Simchenko
384,Physical Evidence,Sędziszów,07/05/2020,12:48 PM,Rose Wasteney
385,Fantastic Mr. Fox,Belfast,12/17/2019,7:49 AM,Elisabet Chomley
386,Martin Lawrence Live: Runteldat,Morales,11/03/2019,3:05 PM,Borden Vassar
387,Lego: The Adventures of Clutch Powers,Primorsk,11/08/2019,7:29 PM,Regan Pelos
388,Goal! III,Molinos,09/29/2020,1:49 AM,Martynne Swinglehurst
389,Sunshine on Leith ,Dongmafang,09/16/2020,11:54 PM,Kimberlee Darkott
390,Exodus,Turnišče,03/17/2020,4:21 AM,Jerrilyn Pontin
391,"Lady and the Duke, The (Anglaise et le duc, L')",Jiwuwu,11/06/2019,12:59 AM,Neall MacCafferky
392,Stargate SG-1 Children of the Gods - Final Cut,Belize City,08/07/2020,12:54 AM,Cull Radloff
393,Lovers & Leavers (Kuutamolla),São Brás de Alportel,06/12/2020,6:41 PM,Jud Castelot
394,"Pan's Labyrinth (Laberinto del fauno, El)",Samanggen,09/15/2020,1:51 PM,Joshia MacGeffen
395,"Debt, The",Caobi,09/06/2020,1:36 AM,Marvin Mucillo
396,"Three Musketeers, The",Álvares Machado,04/18/2020,1:23 PM,Paddy Isaacs
397,You and Me (Ty i ya),Janowice,08/26/2020,10:05 AM,Morganica De Malchar
398,Me and My Sister,Pécs,09/21/2020,10:04 AM,Solly Dominiak
399,Becket,Dayangzhou,05/19/2020,5:51 PM,Gerhardine Breed
400,Lilies of the Field,Ziyang,05/05/2020,8:05 AM,Keelia Gierardi
401,"House on Telegraph Hill, The",Arauca,01/27/2020,11:06 PM,Annadiane Stribbling
402,Saawariya,Solkan,10/08/2020,3:18 PM,Arly Beckford
403,Mr. Average,Vailoa,08/11/2020,1:12 AM,Babs Reasce
404,Spider Lilies (Ci qing),Velká Dobrá,01/30/2020,4:55 AM,Odessa Melendez
405,Eerie Tales (Unheimliche Geschichten),Shisandaogou,02/10/2020,5:11 PM,Andreas Kasbye
406,Murph: The Protector,Tiko,05/29/2020,4:57 PM,Orland Falkner
407,Helen,Bagnères-de-Bigorre,03/22/2020,1:14 AM,Sandro Loachhead
408,i hate myself :),Marcara,12/01/2019,9:06 PM,Randa Sweetsur
409,A Star Athlete,Roma,12/11/2019,4:55 AM,Kameko Lescop
410,Duo (Pas de deux),Aramayuan,04/14/2020,6:19 AM,Rockwell Bielfelt
411,Crazy Kind of Love,Lubukalung,04/25/2020,12:15 PM,Carree Melvin
412,Travels with My Aunt,Đông Thành,10/05/2020,7:17 AM,Anthiathia Sharpin
413,"Coca-Cola Kid, The",Strömsund,09/20/2020,3:27 AM,Hobard Kemster
414,Sam Peckinpah's West: Legacy of a Hollywood Renegade,Shijie,01/05/2020,5:40 PM,Caron Arr
415,Making 'Do the Right Thing',Staroshcherbinovskaya,05/22/2020,5:20 AM,Michelina Sperwell
416,"Orphanage, The (Orfanato, El)",Cimuncang,03/20/2020,2:53 AM,Wade Dallow
417,Princess Ka'iulani,La Roxas,03/06/2020,2:17 AM,Rhianna Raynard
418,"Undefeated, The",Samho-rodongjagu,10/10/2020,8:40 AM,Verna Rasmus
419,Coming Out,Piracanjuba,02/18/2020,8:23 PM,Herrick Riches
420,Made of Honor,Pamiers,06/27/2020,3:33 PM,Maryanne Perrygo
421,"Valley, The (Obscured by Clouds) (La vallée)",Góis,09/30/2020,12:51 PM,Vita Heinsen
422,"Guys, The",Catamayo,01/28/2020,8:14 AM,Chance Warland
423,Wolf Children (Okami kodomo no ame to yuki),Caxias,08/01/2020,11:16 AM,Wald Mitton
424,Alan & Naomi,Ishikawa,06/28/2020,11:33 PM,Nico Seeks
425,"Desert Trail, The",Garunggang,02/26/2020,7:33 PM,Igor Kassidy
426,Glumov's Diary (Dnevnik Glumova),Hengdaohezi,06/27/2020,11:58 AM,Fidelia Greener
427,Taqwacore: The Birth of Punk Islam,Gondanglegi Wetan,03/22/2020,8:14 AM,Sayers Arne
428,Innocent Voices (Voces inocentes),Debre Sīna,10/27/2019,7:08 AM,Anton St. Leger
429,"Secret Six, The",Czchów,07/03/2020,4:06 AM,Cherilyn Brealey
430,30 Days of Night,Huanchillas,12/05/2019,4:14 AM,Knox Gladstone
431,Nomad (Köshpendiler),Llorente,02/26/2020,2:50 PM,Trixi Pretor
432,Scarface,Hualin,03/30/2020,1:11 PM,Amy McKeown
433,R100,Springfield,10/14/2020,7:43 PM,Kermy Queste
434,Our Music (Notre musique),Freiria,03/28/2020,6:27 PM,Wendy Fishleigh
435,Houdini,Luozhuang,02/08/2020,4:52 AM,Ram Mordin
436,Park Row,Dayuan,06/18/2020,7:06 AM,Jamesy Sadat
437,Taken,Xichuan,09/13/2020,1:02 PM,Jaquelyn Askham
438,Amber Lake ,Shangyang,02/06/2020,12:10 PM,Rafaello Tate
439,Saving Face,Lārkāna,11/07/2019,4:03 PM,Aprilette Belham
440,"Day the Earth Stood Still, The",Jiangkou,09/02/2020,5:19 AM,Ardelia Klosser
441,"What to Do in Case of Fire (Was tun, wenn's brennt?)",Chagoda,07/10/2020,4:39 PM,Deeyn Corkhill
442,Kestrel's Eye (Falkens öga),Da’ao,01/12/2020,8:07 PM,Jo-ann Fiddymont
443,"Shipping News, The",Åkersberga,04/07/2020,4:47 PM,Aline Edwardes
444,Larks on a String (Skrivánci na niti),Lidingö,01/03/2020,1:51 PM,Solly Taye
445,"Football Factory, The",Hengli,05/21/2020,6:47 AM,Gustie Aspin
446,Normal,Ylöjärvi,08/28/2020,9:23 AM,Dusty Dripps
447,Postman Blues,Agustín Codazzi,09/03/2020,10:13 PM,Belicia Bricket
448,Wild Rovers,Ebene,08/14/2020,6:18 AM,Karylin Howerd
449,My Stars (Mes stars et moi),Huntsville,12/01/2019,1:46 AM,Jane Vann
450,"Slipping-Down Life, A",Vizal San Pablo,11/18/2019,8:01 PM,Burl Dineges
451,Big Shot: Confessions of a Campus Bookie,Volksrust,10/29/2019,11:52 AM,Immanuel Pickervance
452,Sweet Mud (Adama Meshuga'at),Uruzgān,10/23/2019,2:57 AM,Clifford Pollastrino
453,"Fireman, The",Likupang,05/24/2020,12:03 AM,Earlie Peel
454,"Boys in Company C, The",Mūsa Khel Bāzār,04/05/2020,9:09 AM,Kleon Champe
455,My Girlfriend Is an Agent (Chilgeup gongmuwon),Luoxi,08/10/2020,6:25 PM,Care Dunlap
456,Freddy Got Fingered,Fengshou,04/28/2020,3:43 PM,Windy Riding
457,Bling: A Planet Rock,Easington,03/02/2020,11:56 AM,Reidar Gooday
458,Captive Heart: The James Mink Story,Pęczniew,02/09/2020,11:55 PM,Neddy Colqueran
459,"Young Poisoner's Handbook, The",Alto del Espino,09/23/2020,9:02 PM,Chryste Lowensohn
460,To Have and Have Not,Liverpool,01/13/2020,1:04 AM,Fidelio Creavin
461,"Greening of Whitney Brown, The",Sanguansi,06/27/2020,2:41 PM,Mallissa Merington
462,Gunbuster (Top wo Narae),Berovo,03/04/2020,7:29 PM,Damaris Renne
463,King Lear (Korol Lir),Sindangheula,11/17/2019,6:57 AM,Nickey Gurrado
464,"Possession of David O'Reilly, The ",Shakhun’ya,02/01/2020,12:43 PM,Abrahan Flexman
465,Easy Wheels,Kuivaniemi,11/08/2019,9:34 AM,Emelia O' Dornan
466,"Hamburg Syndrome, The (Die Hamburger Krankheit)",Yingtou,11/29/2019,6:57 AM,Marshal Steadman
467,After the Thin Man,Wenchi,12/07/2019,8:50 AM,Isabelita O'Crotty
468,Castle Keep,Griboyedov,03/08/2020,4:14 PM,Tailor Blazek
469,300,Makungu,04/21/2020,7:57 AM,Annamarie Blasio
470,Across the Line: The Exodus of Charlie Wright,Brodósqui,01/08/2020,9:03 AM,Harry Loughnan
471,Reggie Watts: Why Shit So Crazy?,Krajan Dua Putukrejo,05/14/2020,5:14 PM,Nevin Lillecrop
472,Conflagration (Enjô),Podgórzyn,02/17/2020,12:52 PM,Cello Petters
473,Fancy Pants,Buruanga,05/17/2020,5:24 PM,Milena Stobie
474,"Spanish Prisoner, The",Shiojiri,02/28/2020,4:58 AM,Issi Squires
475,Son of the White Mare,Siay,02/02/2020,6:19 AM,Wilma Breed
476,"Tortured, The",Tiexi,04/21/2020,9:44 AM,Brendon Barajaz
477,"Gay Bed and Breakfast of Terror, The",Gongyi,04/20/2020,9:36 PM,Idalia Duffell
478,11 x 14,Hamburg,12/12/2019,12:17 PM,Skipper Tewkesberrie
479,Camila,Sinait,04/05/2020,3:09 PM,Hamlen Cringle
480,Polisse,Sarapul,06/30/2020,4:48 AM,Malinde Armstead
481,"Gang's All Here, The",Nancheng,12/30/2019,10:23 AM,Kienan Beilby
482,"Dreamworlds II: Desire, Sex, Power in Music Video",Rybarzowice,10/09/2020,8:41 AM,Betta Thairs
483,"Rickshaw Man, The (Muhomatsu no issho)",Paris 09,11/09/2019,6:19 PM,Donalt Lucchi
484,The Confessions of Bernhard Goetz,Cortez,04/15/2020,7:00 PM,Gerald Charlwood
485,"Class, The (Klass)",Tungi,03/03/2020,3:26 AM,Charil Raff
486,Bill Hicks: Relentless,Dodu Dua,09/21/2020,10:22 PM,Willem Dreghorn
487,Angela's Ashes,Tabug,04/19/2020,11:03 AM,Forrest Ionesco
488,One Hour with You,Towa,07/21/2020,1:22 AM,Maisie April
489,"French Lieutenant's Woman, The",Uptar,08/24/2020,1:05 AM,Yorker Borsnall
490,10 Mountains 10 Years,Longshan,07/01/2020,4:19 PM,Ban Pepineaux
491,The Living Magoroku,Changuinola,01/17/2020,12:52 AM,Russ Twyford
492,Coma,Sukaratu,08/09/2020,10:12 PM,Wenda Joannic
493,Burning Secret,Funza,07/10/2020,3:18 AM,Ariella Pattlel
494,Empire of the Ants,El Alto,07/28/2020,10:52 AM,Hyacinthie McClory
495,Big Top Pee-Wee,Masḩah,11/14/2019,3:20 PM,Kora Kentish
496,Where Is Fred!? (Wo ist Fred?),Jiangbei,06/23/2020,10:13 PM,Cristina Prime
497,15 Minutes,Bajomulyo,04/04/2020,4:43 PM,Elysia Pringer
498, Days of Summer,Bulgan,12/10/2019,11:36 AM,Katrinka Bilbery
499,"Strada, La",Rostov-na-Donu,10/04/2020,9:50 AM,Malinda Cardis
500,Epic,Mayakovski,12/21/2019,8:14 PM,Artair Marner
501,"Secret of Kells, The",Katrineholm,12/12/2019,12:57 PM,Francis Warlowe
502,His New Profession,Kapan,11/20/2019,8:49 AM,Sascha Preuvost
503,"President's Man: A Line in the Sand, The",Stockholm,08/30/2020,7:53 PM,Neils Towey
504,Float,Castanheira de Pêra,10/13/2020,6:17 AM,Deeanne Oakinfold
505,From Within,Washington,04/28/2020,10:52 AM,Paddie Maultby
506,"Memory Keeper's Daughter, The",Duisburg,03/24/2020,6:08 PM,Benedikta Bromage
507,White Mane (Crin blanc: Le cheval sauvage),Colombo,12/28/2019,1:01 PM,Karlan O' Timony
508,Beverly Hills Ninja,Touguinha,09/11/2020,7:36 PM,Sheri Charity
509,"Happy, Happy (Sykt lykkelig)",Cihaurbeuti,08/28/2020,10:29 AM,Pammie Barwise
510,No Logo,Néa Róda,06/23/2020,5:18 PM,Darleen O'Doherty
511,"Surfer, Dude",Shorko,11/04/2019,2:44 AM,Felice Leppingwell
512,Milk,Vigo,06/19/2020,2:22 AM,Frieda Bellord
513,Miss Julie,Darungan,10/13/2020,9:27 PM,Diane Duigan
514,Monsters vs Aliens: Mutant Pumpkins from Outer Space,Vavozh,10/08/2020,12:42 AM,Meyer Bothams
515,"Patience Stone, The",Jincheng,12/14/2019,12:05 AM,Antonetta Peal
516,Love's Kitchen,Tonghae,06/25/2020,5:45 PM,Padraic Kynman
517,Stars in My Crown,Firavitoba,04/01/2020,3:27 AM,Tracie McGavigan
518,Ten Inch Hero,Jiangcun,06/10/2020,11:20 AM,Cynthy Rudloff
519,Scream of Fear (a.k.a. Taste of Fear),Mhango,09/17/2020,7:43 AM,Diarmid Cleaton
520,"Last Season, The",Fuzhai,05/19/2020,10:07 AM,Standford Lozano
521,Quid Pro Quo,Saint-Étienne,06/24/2020,6:42 PM,Justis Chasemore
522,Batman Begins,Pulo,04/30/2020,8:13 PM,Gwenette Scay
523,"Betrayal, The (Nerakhoon)",Ibaan,05/06/2020,10:57 PM,Barth Kemwal
524,"Flock, The",Halteu,06/13/2020,8:27 PM,Bond Helliar
525,"Drum, The (Drums)",Ban Khok,06/14/2020,8:08 AM,Gina Sleath
526,Made in U.S.A.,Sobrosa,07/15/2020,12:31 PM,Kiele Demicoli
527,"Big Picture, The (L'homme qui voulait vivre sa vie)",Julita,04/23/2020,8:48 PM,Fulvia Augie
528,Red Line 7000,Huasahuasi,10/09/2020,1:50 AM,Carolus Bulbeck
529,It's Kind of a Funny Story,Wilcza,09/20/2020,7:26 PM,Cornelia Lippatt
530,10 Questions for the Dalai Lama,Lincheng,12/07/2019,2:13 PM,Bridgette Rangall
531,Imitation of Life,Brzeg Dolny,04/03/2020,10:13 PM,Alisander Faulkes
532,Joy Ride 2: Dead Ahead,Tebingtinggi,12/19/2019,1:23 PM,Valentin Braunfeld
533,Handsome Harry,Lubień Kujawski,09/17/2020,5:19 AM,Elysia Coutthart
534,23 (23 - Nichts ist so wie es scheint),Ticaco,02/17/2020,11:46 PM,Solly Cominetti
535,Desert Flower,Pohbango,05/29/2020,11:01 AM,Bradford Seater
536,Dr. Jekyll and Ms. Hyde,Nyköping,09/07/2020,7:56 AM,Perice Lepick
537,Desert Flower,Chuarrancho,06/14/2020,5:09 AM,Cassandre Della
538,AmeriQua,Nanjie,04/28/2020,10:08 PM,Glenda Ashley
539,Pinocchio,San Miguelito,08/22/2020,11:02 AM,Rudyard Verring
540,Everyone's Hero,El Coco,05/29/2020,2:06 PM,Therese Philippon
541,Tumbledown,Dongmafang,03/27/2020,7:41 PM,Carmen Robertsson
542,Oscar,Na Yong,06/25/2020,7:16 PM,Amalia Clissett
543,Axed,Dayton,09/15/2020,9:25 AM,Cale Coolbear
544,Battle of Britain,Kuala Terengganu,08/25/2020,11:22 PM,Lane Gwynn
545,God's Pocket,Galimuyod,10/03/2020,7:49 PM,Nanette McCowan
546,Paths of Hate,Ḩammām Damt,12/03/2019,8:35 PM,Bridgette Chartman
547,The Well-Digger's Daughter,Tsurib,12/05/2019,11:18 PM,Tuckie Hissie
548,Tai Chi Master (Twin Warriors) (Tai ji: Zhang San Feng),Lijie,02/08/2020,4:40 PM,Mal Daymont
549,"Nutcracker, The",Tegalgede,11/18/2019,8:59 AM,Toby McCrorie
550,Across the Universe,Głowno,07/16/2020,4:02 PM,Antonina Lude
551,Munchies,Weihe,01/04/2020,12:18 AM,Annis Kaas
552,"Paper, The",Göteborg,10/13/2020,1:56 AM,Layton Mockford
553,"Woman on the Beach, The",Piedrancha,11/16/2019,6:24 AM,Papagena Tourne
554,Cheech and Chong's Up in Smoke,Abade de Neiva,11/14/2019,5:10 PM,Harold O' Meara
555,Hood of the Living Dead,Zitong,12/26/2019,5:37 PM,Seamus Dalinder
556,Through the Forest,Khinjān,07/09/2020,4:21 PM,Laurianne Saban
557,Gigi,Penedono,09/14/2020,5:31 AM,Emmalynne Lorenzo
558,ChromeSkull: Laid to Rest 2,Margasari,05/22/2020,11:38 AM,Nappie Denyakin
559,Inside Man,Huangzhuang,05/27/2020,6:30 PM,Sidoney Stenhouse
560,Uncommon Valor,Olovyannaya,06/07/2020,10:13 PM,Hervey Kibbe
561,Silver Streak,Côn Sơn,11/01/2019,7:51 PM,Mycah Dowty
562,Undisputed,Bánica,12/29/2019,6:45 AM,Ches Placide
563,Ronja Robbersdaughter (Ronja Rövardotter),Curpahuasi,02/14/2020,6:35 AM,Karlotte Horlock
564,Yo Yo (Yoyo),Levallois-Perret,04/10/2020,11:48 PM,Devin Gent
565,Dead Like Me: Life After Death,Timon,01/14/2020,8:00 PM,Darnell Josling
566,"My Wife, A Body to Love",Pedrogão,05/13/2020,10:24 PM,Jeanette Timpany
567,"Take Her, She's Mine",Sionogan,05/16/2020,3:53 AM,Ingaberg Philipart
568,Polytechnique,Mpika,07/11/2020,9:16 AM,Mickey Garmon
569,"Skin Too Few: The Days of Nick Drake, A",Sharga,04/17/2020,2:19 AM,Lem Cleobury
570,Thunder Soul,Manuel Cavazos Lerma,04/05/2020,8:56 PM,Willi Kirkhouse
571,Gentlemen of Fortune (Dzhentlmeny udachi),Sruni,06/15/2020,9:18 PM,Lane Selliman
572,Marvin Hamlisch: What He Did for Love,Limanowa,05/22/2020,5:08 PM,Rosemarie Linnock
573,Zatoichi Challenged (Zatôichi chikemuri kaidô) (Zatôichi 17),Al Fashn,05/13/2020,12:05 PM,Hanny Barden
574,Street Smart,Pajarillo,08/09/2020,2:48 PM,Shana Dallyn
575,"Hamburg Syndrome, The (Die Hamburger Krankheit)",Pucacaca,06/11/2020,11:39 PM,Lyndsie Kestell
576,"Very Social Secretary, A",Jincheng,11/30/2019,10:28 AM,Lefty Josey
577,End of Watch,Aliuroba,05/03/2020,10:07 AM,Humfried Oneal
578,The Man in Possession,Yangju,08/07/2020,3:39 AM,Hewe Sefton
579,Hide and Seek,Alcoutim,09/28/2020,6:40 PM,Ira Hargey
580,"Drum, The (Drums)",Golcowa,05/12/2020,6:38 PM,Shantee Fanner
581,Madame Butterfly,Xizhong,06/01/2020,4:04 PM,Lorine Jennery
582,Gunner Palace,Sapat,09/29/2020,5:56 PM,Marne Chiddy
583,"Ketchup Effect, The (Hip Hip Hora!)",Paranaguá,03/18/2020,7:26 PM,Loni Kilrow
584,Jesus Henry Christ,La Floresta,05/01/2020,10:50 AM,Derron Wondraschek
585,Lewis Black: Stark Raving Black,Leiden,09/13/2020,2:17 PM,Roseann Ridsdell
586,Heaven's Burning,Aného,11/12/2019,5:26 AM,Ikey Stening
587,Dr. No,Avdzaga,09/07/2020,5:56 PM,Sophi Pattemore
588,Blood Diamond,Kołczygłowy,10/29/2019,8:05 AM,Jerrome Byer
589,Youngblood,Sandy Bay,09/25/2020,12:59 PM,Rosene Cranke
590,"Uninvited, The",Tierralta,10/06/2020,10:18 AM,Karna Malkin
591,"Brothers Bloom, The",Émpa,03/22/2020,1:29 PM,Suzann Rustan
592,"Conclave, The",Anchorage,11/20/2019,12:00 PM,Tim Dobbson
593,"Pyramid, The",Gaoqiao,03/25/2020,5:44 AM,Aloise McHarry
594,Robin Hood,Anan,12/22/2019,8:00 PM,Barclay Furzey
595,Reel Injun,Grabovci,07/22/2020,2:02 PM,Salomone Eddoes
596,"Diary of Anne Frank, The",Fenglin,02/28/2020,2:30 PM,Lula McCart
597,Rising Sun,Sarata,12/28/2019,9:30 PM,Arlen Isaaksohn
598,Beast from Haunted Cave,Cherëmushki,11/24/2019,1:19 AM,Cele Petche
599,Edge of the City,Morje,08/18/2020,12:10 PM,Rodolphe Leavy
600,"Duck, You Sucker (a.k.a. Fistful of Dynamite, A) (Giù la testa)",Santa Cruz de la Sierra,07/21/2020,6:29 PM,Shelley Henzley
601,Romero,‘Aşīrah ash Shamālīyah,03/19/2020,9:18 AM,Jerrine Broadey
602,Submarino,Jianba,09/24/2020,11:19 AM,Michail Greaves
603,Four Men and a Prayer,Nangkasari,08/28/2020,12:44 AM,Josi Brinson
604,Ghostbusters (a.k.a. Ghost Busters),Jardim da Serra,02/18/2020,10:29 AM,Juan Pottberry
605,Meet the Fockers,Carlos Casares,01/08/2020,6:59 AM,Herby Bemand
606,Vertical Features Remake,Darong,01/31/2020,11:12 AM,Blakelee Dimmick
607,Joyride,Wanjia,12/27/2019,3:32 PM,Taryn Ciciura
608,Odette Toulemonde,Podwilk,07/16/2020,8:58 PM,Nikaniki Crame
609,Beyond the Walls (Hors les murs),Bria,11/09/2019,9:52 AM,Stephanie Weddup
610,"Last Exorcism Part II, The",Torslanda,06/17/2020,5:05 PM,Gwennie Heiden
611,Escape from Suburbia: Beyond the American Dream,Huacho,10/10/2020,9:33 PM,Buiron Wildman
612,Don't Drink the Water,Sumberejo,09/03/2020,4:10 AM,Zed Heathcote
613,Dirty Dancing: Havana Nights,Bombon,04/29/2020,2:11 AM,Katlin Faye
614,A Merry Friggin' Christmas,Enzan,08/24/2020,8:35 PM,Bogart Steele
615,Style Wars,Pingkai,02/27/2020,4:10 PM,Hermina Scarsbrook
616,Broken Arrow,Daba,02/14/2020,11:20 PM,Ahmad Lydford
617,I Married a Monster from Outer Space,Grudë-Fushë,05/10/2020,5:12 PM,Kathryne Bollans
618,Happy New Year,Parychy,06/17/2020,11:33 PM,Elissa Cathersides
619,Out of Africa,Marne-la-Vallée,06/12/2020,5:20 AM,Tomlin Leddie
620,Ursul,Leubatang,06/14/2020,3:58 PM,Melamie Foyston
621,Broken Kingdom,Lyon,04/10/2020,7:51 AM,Luca Turvey
622,Third Person,Dziemiany,11/10/2019,5:09 PM,Haydon Plaistowe
623,"Mothman Prophecies, The",Kampot,11/08/2019,10:40 AM,Layla Traynor
624,Parenthood,Camajuaní,03/13/2020,11:33 AM,Paolina Queste
625,Call Me Madam,Dasha,11/03/2019,8:50 PM,Rorie Diviny
626,Jug Face,Zhongdong,05/16/2020,3:02 AM,Diann Need
627,Scenes from a Mall,Santander,11/09/2019,5:00 PM,Ethelyn Laux
628,"Russian Specialist, The (Mechanik, The)",Sarpang,07/01/2020,5:30 PM,Shea Diamant
629,"Desert Trail, The",Zabukovica,01/28/2020,5:32 AM,King Couvet
630,Sins,Curvelo,04/29/2020,8:45 AM,Ariel Siccombe
631,Boricua's Bond,Verkhnyaya Toyma,06/13/2020,10:22 PM,Cordey Martensen
632,"Undertaker and His Pals, The",Trujillo,02/11/2020,11:43 AM,Terence Castenda
633,Shackleton's Antarctic Adventure,Apeldoorn,11/21/2019,6:31 PM,Gabie Pendreigh
634,Schmatta: Rags to Riches to Rags,Krasnopillya,07/29/2020,6:42 PM,Towny Dover
635,Citizen Ruth,Xarardheere,10/18/2020,9:59 AM,Roddie Sheraton
636,"Experts, The",Quinchía,07/12/2020,10:35 PM,Any Ettridge
637,Charlie Chan in The Chinese Cat,Stulovo,03/21/2020,5:57 PM,Norri Siddon
638,Whoregasm,Na Di,06/01/2020,4:55 AM,Goddard Coutts
639,"Art of the Steal, The",Guanting,05/01/2020,12:33 AM,Gard Saipy
640,Monday Morning (Lundi matin),Daqian,08/14/2020,1:22 AM,Pauly Pergens
641,Edge of Madness,Kaya,12/20/2019,7:41 PM,Carie Tedman
642,Jack Frost 2: Revenge of the Mutant Killer Snowman,Toshloq,06/29/2020,5:45 PM,Keir Abeau
643,Tyler Perry's Madea's Family Reunion,Guardizela,07/24/2020,7:51 PM,Cristy Spoole
644,Dom Hemingway,Pingqiao,02/18/2020,9:32 PM,Garnet Binder
645,"Situation, The",Ropcha,11/13/2019,12:59 AM,Edlin Zukierman
646,Radio Rebel,Jubb Ramlah,11/30/2019,11:35 AM,Khalil Coney
647,Samurai I: Musashi Miyamoto (Miyamoto Musashi),Muyuka,08/04/2020,3:23 AM,Jacenta Jury
648,"Turtle's Tale: Sammy's Adventures, A",Yanzhou,11/04/2019,12:43 AM,Christal McQuillin
649,"Rape of Europa, The",Litein,01/24/2020,1:16 PM,Frasco Barnhill
650,In Therapy (Divã),Puerto Guzmán,09/23/2020,12:55 PM,Noble Petegree
651,Insomnia,San Pedro,06/26/2020,3:26 PM,Roby Shrimpling
652,Blood,Lianrao,06/21/2020,2:52 AM,Robinet Gurner
653,Gypsy,Madruga,11/25/2019,2:12 PM,Douglass Searles
654,Viva,Caçapava,05/22/2020,6:58 AM,Marleah Martel
655,Play Time (a.k.a. Playtime),Nyangao,11/12/2019,3:52 PM,Filbert Swaile
656,Dynamite Girl (Dynamiittityttö),Guaymango,01/31/2020,4:15 PM,Billie Cogman
657,No Man of Her Own ,Blučina,05/21/2020,5:05 AM,Pincas Goney
658,"Hot Spot, The",Uścimów Stary,10/11/2020,12:46 PM,Otho Whitland
659,Background to Danger,Ciekek,12/03/2019,6:22 AM,Damiano Broadway
660,Flirtation Walk,Al Funayţīs,04/28/2020,5:21 PM,Brnaby Simak
661,The Gardener,Laranjeiras,07/16/2020,12:56 AM,Tiffy Kann
662,Seducing Mr. Perfect,San Pedro One,01/28/2020,2:38 AM,Consalve McGeraghty
663,Richard Pryor Here and Now,Ciénega,10/22/2019,9:55 AM,Betsey Rosiello
664,Giant,Turku,10/14/2020,11:41 PM,Natalya Chesterfield
665,Blondie of the Follies,Oslo,10/11/2020,12:02 PM,Hermia Brumwell
666,Celsius 41.11: The Temperature at Which the Brain... Begins to Die,Tyrawa Wołoska,01/16/2020,6:41 PM,Cary Mercey
667,"Enforcer, The",Tobi Village,10/24/2019,7:07 AM,Anatollo Lissimore
668,Hellraiser: Bloodline,Göteborg,09/12/2020,8:46 PM,Shelby Loseby
669,Stavisky...,Pederneiras,09/19/2020,3:55 AM,Pansy Reuble
670,Croupier,Sérifos,04/09/2020,4:29 AM,Kirstyn Wingfield
671,Heaven Is for Real,Uttaradit,09/01/2020,8:38 PM,Klarika Spikeings
672,Charlie Chan in The Chinese Cat,Shun’ga,11/03/2019,4:34 PM,Gilbertine Beeckx
673,"Child, The (L'enfant)",Lagoa do Itaenga,03/31/2020,10:55 AM,Kinna Willoughby
674,Balls of Fury,Trakan Phut Phon,11/29/2019,10:59 PM,Billy Odda
675,Big Hero 6,Polykárpi,07/06/2020,1:54 PM,Merilyn Adamowitz
676,"Minion, The",Stockholm,10/28/2019,1:31 AM,Karmen Pawden
677,Madagascar,Geshan,08/01/2020,11:35 AM,Lanna Silverwood
678,Mothlight,Benito Juarez,12/26/2019,12:19 AM,Yancey Georgeot
679,Jiro Dreams of Sushi,Bremerhaven,06/08/2020,5:16 PM,Xena Knappen
680,Deep in the Valley (American Hot Babes),Dallas,06/02/2020,2:33 PM,Natalie Coste
681,One Fine Spring Day (Bomnaleun ganda),Springfield,08/12/2020,11:18 AM,Annadiane Lasham
682,Me and you (io e te),Kardzhin,09/29/2020,12:32 PM,Maggee Lavall
683,"Super Cops, The",Nakamura,08/25/2020,9:12 PM,Ailbert Goddman
684,6 Days to Air: The Making of South Park,Xinle,02/21/2020,2:31 AM,Timofei Giraudoux
685,City Slacker,Balaoang,08/22/2020,2:14 AM,Cthrine Hewertson
686,Make Them Die Slowly (Cannibal Ferox),Goroka,12/09/2019,9:05 AM,Mela Roarty
687,Fright Night,New Haven,07/20/2020,8:15 PM,Gleda Woolager
688,Inglourious Basterds,Tegalgunung,05/08/2020,11:29 PM,Elfrieda Spens
689,Comet,Siasi,01/21/2020,10:46 AM,Conan Pedlingham
690,Missionary Man,Artsvanist,03/07/2020,1:56 PM,Leroi Busswell
691,Psycho III,Karangpeton,08/06/2020,8:02 PM,Else Puddephatt
692,Stage Beauty,Citeureup,06/07/2020,12:00 PM,Rutter Job
693,"Stuff, The",Al Jīb,02/23/2020,8:24 PM,Cassie Magee
694,Don't Be a Menace to South Central While Drinking Your Juice in the Hood,Famaillá,02/15/2020,6:58 PM,Donielle Pastor
695,"Secret of NIMH, The",Shepetivka,01/16/2020,3:24 PM,Mireielle Jedrzejewski
696,"Maze, The",Wangchuanchang,05/27/2020,5:29 PM,Joanna Camock
697,"Beau Serge, Le",Gexi,01/25/2020,3:02 AM,Aldin Cavil
698,Flock of Dodos: The Evolution-Intelligent Design Circus,Radom,11/19/2019,6:11 PM,Sile Seilmann
699,Repeaters ,Wasior,03/02/2020,10:09 PM,Stephanus Hastilow
700,"Moment of Truth, The (Il momento della verità)",Dístomo,02/23/2020,1:35 PM,Lemar Duligall
701,Short Circuit 2,Haradzishcha,06/29/2020,5:35 AM,Reeta Arro
702,"Cowboys, The",Shaoyang,12/30/2019,5:37 AM,Dyane Engel
703,Gimme Shelter,Tuba,04/22/2020,3:43 AM,Virgie Edmundson
704,Grateful Dawg,La Coipa,07/28/2020,3:52 AM,Sayers Brislen
705,Bedevilled (Kim Bok-nam salinsageonui jeonmal),Yanghu,05/13/2020,10:03 AM,Abdul Martignon
706,Brunet Will Call (Brunet wieczorowa pora),Kufa,01/13/2020,5:51 PM,Klarika Blemen
707,"Art of the Steal, The",Ad Dawḩah,09/04/2020,4:59 AM,Cara Sultana
708,Barrier (Bariera),Chernyanka,03/10/2020,4:19 PM,Cullie Jeduch
709,"Brothers Karamazov, The",San Nicolas,11/28/2019,9:54 PM,Lorne Splevins
710,In China They Eat Dogs (I Kina spiser de hunde),Franco da Rocha,09/02/2020,1:42 AM,Brittne Raven
711,The Other Side of the Mountain,Penitik,11/29/2019,10:59 PM,Giffard Ankrett
712,Dracula (Dracula 3D),Zhitan,11/05/2019,7:17 PM,Shannen Prendergast
713,"Human Family Tree, The",Gizo,07/26/2020,4:01 PM,Madelaine MacMorland
714,Lemonade Joe (Limonádový Joe aneb Konská opera),Itamaraju,12/19/2019,3:28 AM,Keenan Bruins
715,Losing Isaiah,Genova,10/05/2020,12:26 PM,Garret Jayume
716,"Rebel, The (Le Rebelle)",Sukaraja,02/05/2020,3:53 PM,Veronica Troughton
717,Hell's Gate 11:11,El Aguilar,12/12/2019,11:29 AM,Elias Sedger
718,Manolito Four Eyes,Bitobe,11/25/2019,5:15 PM,Jenny Eglin
719,The Trap,Mrgavan,11/14/2019,11:26 AM,Hugh Lines
720,"Snitch Cartel, The (El cartel de los sapos)",Līkak,11/05/2019,8:55 AM,Darla Dufaur
721,La Bandera,Lirang,11/29/2019,2:27 AM,Jesus Scutching
722,"Legend of the Red Dragon (a.k.a. New Legend of Shaolin, The) (Hong Xi Guan: Zhi Shao Lin wu zu)",Verkhnyaya Toyma,08/16/2020,5:49 AM,Issiah Luisetti
723,The Madagascar Penguins in a Christmas Caper,Xiashu,01/05/2020,3:47 PM,Gordy Bill
724,Mission Congo,Cahabón,05/30/2020,3:33 PM,Beverley Ratnage
725,Operation 'Y' & Other Shurik's Adventures,Ledok,06/29/2020,7:40 AM,Milicent Cortin
726,Shall We Kiss? (Un baiser s'il vous plait),Hønefoss,12/31/2019,1:14 AM,Denyse Jecks
727,Buying the Cow,Bayan,06/20/2020,9:23 AM,Gavin Kyttor
728,First Target,Whitchurch,09/14/2020,7:42 AM,Dalila Allcorn
729,Inserts,Checca,12/11/2019,2:07 PM,Onfroi Pretorius
730,Odgrobadogroba,Kesha,08/31/2020,3:28 AM,Bendix Tillard
731,David Cross: The Pride Is Back,Tilburg,04/05/2020,10:35 AM,Lucias Isles
732,We the Party,Nijmegen,09/25/2020,8:05 AM,Jeannette Deshorts
733,Everybody's All-American,Boden,06/10/2020,1:21 PM,Darline Tolworthy
734,"Ugly American, The",Sharjah,07/29/2020,5:36 PM,Shayne Hindmoor
735,"Key, The",Sai,12/14/2019,4:03 PM,Tabitha Joyce
736,"Guard, The",Venezuela,12/18/2019,8:29 AM,Adelaide Strelitzki
737,Santa Claus Has Blue Eyes (Le père Noël a les yeux bleus),Manolo Fortich,06/11/2020,12:45 AM,Rosanna Dorber
738,That Day (Ce jour-là),Bandeirantes,09/03/2020,11:39 AM,Antoni Cowper
739,Les Tuche,La Loma,05/19/2020,3:10 AM,Kaylee Ortell
740,Little White Lies (Les petits mouchoirs),Beidou,10/01/2020,7:05 AM,Hartley Cavilla
741,Glory Daze,Doljo,01/17/2020,8:46 PM,Carol Antonoyev
742,Campus Radio,Panadura,03/07/2020,8:41 PM,Faulkner Brierly
743,Maps to the Stars,Lopatyn,02/24/2020,12:45 AM,Benjie Huckle
744,Babes on Broadway,Jalalaqsi,10/16/2020,3:31 AM,Hillie Bourdel
745,Cheeky Girls,Rochester,11/23/2019,9:58 AM,Bonnibelle Bode
746,"Gorgeous Hussy, The",Bielefeld,10/23/2019,3:12 PM,Weidar Pickering
747,Wadd: The Life & Times of John C. Holmes,Aizkraukle,08/11/2020,4:10 AM,Annelise Charpling
748,Direct Action,Heishan,10/11/2020,6:11 AM,Miof mela Bernardotti
749,August,Sovetsk,10/01/2020,3:21 PM,Nannie Maddin
750,"Girl From Paris, A (hirondelle a fait le printemps, Une)",Leśna Podlaska,03/08/2020,2:30 PM,Donetta Cheyenne
751,"Whole Nine Yards, The",Yunyan,12/15/2019,2:24 AM,Alyse O'Crigane
752,Silent Movie,Vales,06/22/2020,5:53 AM,Michal Eates
753,World's Greatest Dad,Ust’-Katav,05/13/2020,9:27 AM,Rawley Temlett
754,Striking Range,Nanying,02/21/2020,10:23 PM,Flor Cheese
755,Song of the Exile (Ke tu qiu hen),Jieshipu,05/04/2020,4:06 AM,Dill Grouer
756,"Love and Anarchy (Film d'amore e d'anarchia, ovvero 'stamattina alle 10 in via dei Fiori nella nota casa di tolleranza...')",Phichai,04/17/2020,9:43 AM,Olenka Roubert
757,Adrenalin: Fear the Rush,Vallegrande,04/30/2020,8:46 PM,Jo Iaduccelli
758,"Cat and the Canary, The",Daxi,11/08/2019,7:04 PM,Flinn Blesdill
759,Johnny Mnemonic,Flores da Cunha,05/21/2020,5:41 AM,Beverlee Itzkowicz
760,"Star Is Born, A",Solsona,10/22/2019,6:12 AM,Ian Yockley
761,The Pirates of Blood River,Santa Maria da Vitória,02/16/2020,5:47 AM,Tove Rasper
762,Polite People (Kurteist fólk),Staroshcherbinovskaya,03/02/2020,2:15 AM,Karleen Jarrel
763,"Injury to One, An",Jingyao,09/28/2020,7:55 AM,Ameline Cominetti
764,"Equalizer, The",Tambangan,05/18/2020,12:37 PM,Tannie VanBrugh
765,The Man From The Alamo,Quận Mười,08/04/2020,3:54 AM,Dianne Obeney
766,Lucrèce Borgia,Pacaembu,06/16/2020,1:42 AM,Waylon Abrahart
767,"Enchanted Cottage, The",Huilong,07/31/2020,8:46 PM,Danella Whiting
768,"Devil's Rock, The",Troitskoye,03/10/2020,2:13 AM,Keelby Mabbs
769,Heimat - A Chronicle of Germany (Heimat - Eine deutsche Chronik),Severoural’sk,11/14/2019,3:44 PM,Dione Pennetti
770,Terminal USA,Saeul,09/27/2020,6:33 PM,Erwin Spens
771,Federico Fellini's Autobiography (Federico Fellini - un autoritratto ritrovato),Sijiqing,08/11/2020,8:31 AM,Kevina Jaslem
772,Purge (Puhdistus),Vinež,05/20/2020,10:23 PM,Candis Campelli
773,Our Daily Bread (Unser täglich Brot),Driyorejo,07/04/2020,5:59 PM,Jo-ann Glaister
774,My Son John,Крива Паланка,03/03/2020,6:14 AM,Cacilia Abeles
775,White Palace,Tucheng,09/06/2020,12:37 AM,Vivyanne Chilton
776,Todos eran culpables,Al ‘Azīzīyah,09/05/2020,2:10 PM,Donavon Finnie
777,"Battered Bastards of Baseball, The",Dainan,04/15/2020,9:31 AM,Porter Buggs
778,Mutiny on the Bounty,Kolomanu,01/19/2020,12:48 AM,Jasper Toplin
779,Belphecor: Curse of the Mummy (Belphégor - Le fantôme du Louvre),Tuatuka,11/04/2019,12:22 PM,Margi Durham
780,Chaos Theory,Andrijaševci,10/01/2020,11:46 PM,Alfreda Elverstone
781,Iceman,Janakpur,11/23/2019,2:35 PM,Clerc Kingscote
782,It's Alive,Smedjebacken,02/22/2020,5:29 PM,Vasili Scarff
783,Veronika Decides to Die,Huacrachuco,06/02/2020,8:42 AM,Helaina Raffin
784,"Matter of Dignity, A (To teleftaio psema)",San Jose,03/19/2020,10:01 PM,Cynthea Rawnsley
785,Come Blow Your Horn,Böhöt,11/17/2019,4:41 PM,Gracia Lies
786,Marriage Material,Kristiansand S,03/30/2020,2:09 AM,Revkah Earthfield
787,Cruel Intentions,Paraíso,05/31/2020,9:37 PM,Corly Glas
788,"Parallax View, The",Karabash,01/16/2020,11:01 PM,Ashley Collinette
789,Private Benjamin,Yuntan,09/25/2020,5:28 PM,Eileen Cushion
790,"Beaches of Agnes, The (Plages d'Agnès, Les)",La Cruz,02/24/2020,10:01 PM,Magdalena Nevett
791,Crossing the Bridge: The Sound of Istanbul,Ugljan,04/23/2020,10:00 AM,Robyn Izhakov
792,"Horse in the Gray Flannel Suit, The",Barroso,11/16/2019,11:54 AM,Tawsha Olivella
793,As You Like It,Sajan,01/05/2020,10:01 AM,Lief Petford
794,I Think I Love My Wife,Sancha,03/21/2020,4:50 PM,Barbie Grimster
795,La cravate,Évry,08/02/2020,12:31 AM,Andrea Gossling
796,Night of Dark Shadows,Hanfeng,07/17/2020,10:44 AM,Etty Mantle
797,Jodhaa Akbar,Lipovci,11/12/2019,11:01 PM,Julina Winpenny
798,"America, America",Bailang,10/08/2020,4:51 PM,Jemmy Keddle
799,Pepe,Vinkkilä,09/14/2020,11:08 PM,Gearalt Gillingham
800,Germany Pale Mother,Hedong,11/25/2019,4:22 PM,Briana Faust
801,"Electric Horseman, The",Tanggulangin,06/17/2020,11:21 PM,Hebert Fenech
802,Backfire,Novo Hamburgo,03/28/2020,7:22 PM,Hermine Gut
803,Rebound,Sanshui,08/23/2020,6:26 AM,Marni Sivier
804,Two Women,Beijiang,10/05/2020,4:49 PM,Nellie Pigram
805,Hansel & Gretel,Calibishie,07/09/2020,12:36 AM,Cyrill Mansion
806,"Navigator: A Mediaeval Odyssey, The",Eci,06/12/2020,8:05 AM,Marcella Gorvette
807,Girl in the Cadillac,Rengasdengklok,08/22/2020,9:26 PM,Nicolle Boyer
808,Tarzan's New York Adventure,Garanhuns,03/31/2020,6:01 AM,Monte Muckle
809,Parting Glances,Miras,09/07/2020,12:33 AM,Gisella Wisson
810,Comrade Pedersen (Gymnaslærer Pedersen),Кондово,03/10/2020,7:47 AM,Martyn Endrici
811,Irresistible,Wushan,02/20/2020,3:35 PM,Falito Lagadu
812,"Code Conspiracy, The",Imbang,03/19/2020,10:36 AM,De Oldfield
813,The Fat Spy,Zhudian,04/15/2020,3:42 PM,Kial Tweedy
814,Emma,Fushan,12/14/2019,9:08 AM,Lib Giddins
815,2 Days in the Valley,Grabovci,07/23/2020,8:03 AM,Margaretha Downes
816,Jim Jefferies: Alcoholocaust,Randuagung,08/04/2020,9:37 PM,Koral Worthy
817,Sorority Wars,Asheville,03/26/2020,3:25 AM,Beverly Murkitt
818,Notes on a Scandal,Stavanger,10/24/2019,7:05 PM,Juline Kingh
819,"Year of Living Vicariously, The",La Paz de Oriente,06/22/2020,10:03 PM,Jolene Gianolo
820,Sacco and Vanzetti (Sacco e Vanzetti),Taipingzhuang,05/29/2020,10:59 AM,Lauralee Bellocht
821,"Dead Next Door, The",Tbêng Méanchey,06/22/2020,3:17 AM,Gail Semeniuk
822,"Snake Pit, The",Aristóbulo del Valle,01/09/2020,4:18 AM,Griswold Caccavale
823,Denise Calls Up,Aganan,03/15/2020,9:09 PM,Delphine MacCawley
824,"Uninvited, The",Xinshichang,07/06/2020,12:39 AM,Tracy Grafhom
825,"Bohème, La",Armopa,06/27/2020,7:43 AM,Francyne Ardy
826,Boricua's Bond,Saint David’s,10/02/2020,8:23 PM,Bryna Cohani
827,Burnt Offerings,Silao,09/29/2020,10:38 PM,Carr Brackenridge
828,"Syrian Bride, The",Dijon,07/02/2020,12:44 AM,Edward Doulden
829,Double Dragon,Sernur,01/08/2020,10:52 PM,Bendite Barracks
830,My Way to Olympia (Mein Weg nach Olympia),Oujda,07/10/2020,10:29 PM,Eal Grumble
831,"Gypsy Moths, The",Barão de Cocais,12/26/2019,7:20 PM,Honoria Mannin
832,Ween Live in Chicago,Taounate,11/26/2019,7:03 AM,Cary Geeson
833,Dream Wife,Nartkala,04/06/2020,1:13 PM,Nara Antoni
834,Arlington Road,Kanungu,10/09/2020,2:38 PM,Jarred Castane
835,"Glass House, The",Namibe,12/11/2019,6:05 PM,Nissa Vondrach
836,Casino Royale,Jām Sāhib,03/09/2020,2:51 PM,Kelli Briskey
837,"Hurricane Express, The",Charleston,12/05/2019,10:52 PM,Jo Bourgaize
838,Shall We Kiss? (Un baiser s'il vous plait),Rechka,07/31/2020,11:53 AM,Penni Lumm
839,Tomie: Unlimited,Zaliznychne,06/22/2020,11:18 AM,Shay Haggata
840,Adam & Steve,Kopral,05/17/2020,5:03 AM,Orelie Dimitrie
841,Hope and Glory,Amiens,09/09/2020,8:11 PM,Bobbie Josh
842,Thirty Seconds Over Tokyo,Bazi,11/15/2019,1:11 PM,Ravi Camplin
843,Still of the Night,Morales,09/12/2020,4:12 PM,Janeta Vashchenko
844,The Concert for Bangladesh,Farkhah,04/28/2020,6:40 AM,Flossie Jacquet
845,Shut Up & Sing,Dvorichna,01/25/2020,8:42 PM,Diana Bidwell
846,Novo,Puget-sur-Argens,05/15/2020,5:54 AM,Vern Gotmann
847,Frankie and Johnny,Chapelton,05/23/2020,9:33 PM,Alvina Gainsborough
848,Dragon Tiger Gate (Lung fu moon),Tamanan,08/04/2020,3:45 AM,Beauregard Harrill
849,"Signal, The",Ust-Kamenogorsk,03/22/2020,8:15 PM,Merrily MacCroary
850,Water Lilies (Naissance des pieuvres),Gueset,08/30/2020,4:55 PM,Carlee Stetson
851,Distant Thunder,Chuanpu,11/25/2019,11:22 PM,Weidar Kinson
852,Ran,Zambujal,01/02/2020,7:59 PM,Norean Ellum
853,Hardball,Donggong,09/27/2020,9:02 AM,Lotty Godwin
854,Ignition,Boulemane,01/01/2020,1:05 AM,Janeta Persey
855,Terminal Velocity,Cauday,01/22/2020,4:32 AM,Rosalie Twinborne
856,Bug,Angatel,04/22/2020,7:49 PM,Pammi Partington
857,"Sniper, The",Buzhakan,06/08/2020,11:53 AM,Joana Clementson
858,Alone with Her,San Fernando,06/05/2020,12:16 PM,Simone Castanaga
859,"Frisco Kid, The",Bobolice,04/17/2020,1:39 AM,Giselbert Kuhlmey
860,"Final Season, The",Houndé,01/24/2020,5:07 PM,Vladamir Yegoshin
861,Shotgun Stories,Jarash,01/24/2020,9:57 PM,Lowell Rasp
862,Wedding Belles,San Pascual,11/18/2019,11:51 PM,Tabbi Bissell
863,"Man Who Copied, The (Homem Que Copiava, O)",Dapeng,12/02/2019,4:24 PM,Donal Zamorrano
864,Dragon Ball Z the Movie: The World's Strongest (a.k.a. Dragon Ball Z: The Strongest Guy in The World) (Doragon bôru Z: Kono yo de ichiban tsuyoi yatsu),Tsivil’sk,10/10/2020,9:21 AM,Rance Seid
865,Yumeji,Saint-Paul,11/15/2019,6:57 AM,Jacquelin Chavey
866,Make Mine Music,Kananya,10/28/2019,3:27 PM,Edan Mulrean
867,Afternoon Delight,San Antonio,10/12/2020,12:22 PM,Niels Kondratyuk
868,Yellow Sky,Kadubamban,09/24/2020,3:50 AM,Sibley Fruser
869,Suite Française,Frederiksberg,08/09/2020,11:42 PM,Talyah Stockin
870,Little Fridolf Becomes a Grandfather,Hulitu,03/03/2020,5:36 PM,Ephrayim di Rocca
871,"Brandon Teena Story, The",Chepareria,09/25/2020,7:40 PM,Esta Innett
872,Presumed Innocent,New Orleans,06/13/2020,6:49 PM,Poppy Schouthede
873,Pocahontas II: Journey to a New World ,Puputan,09/05/2020,1:17 AM,Daniele Rhodus
874,Mitchell,Al Tuḩaytā’,06/13/2020,1:40 AM,Melisent Cogdon
875,Zorn's Lemma,Infanta,12/11/2019,5:14 AM,Inness Sendley
876,Nil By Mouth,Volnovakha,04/23/2020,10:02 AM,Lisabeth Farnsworth
877,"Sunfish, The (Klumpfisken)",Sidi Yahia el Gharb,03/14/2020,6:56 AM,Jeremiah Toffler
878,"Formula, The",Chantepie,04/07/2020,2:23 AM,Chrystel Maleham
879,Doctor Detroit,Zhichanghe,01/01/2020,2:36 PM,Nikolia Syms
880,Twister,Kalian,12/01/2019,7:48 AM,Jon Sam
881,"Black Cauldron, The",Az Zabadānī,03/07/2020,5:44 AM,Rhodia Cersey
882,Mosquito Squadron,Simpang,09/18/2020,7:59 AM,Hakeem Trahair
883,Memphis Belle,Saint-Marcellin,09/23/2020,9:01 AM,Meghan Law
884,Hollywood Canteen,Créteil,04/12/2020,9:52 PM,Win Shearer
885,Jimmy Neutron: Boy Genius,Suna,12/04/2019,4:01 PM,Eli Farfolomeev
886,The Overnight,El Cubolero,09/16/2020,10:17 PM,Cecile Kiddy
887,"Misérables, Les",Waso,04/06/2020,2:52 AM,Aubrey Brockley
888,Burnt by the Sun (Utomlyonnye solntsem),Corga,01/09/2020,2:19 PM,Nadeen Lyenyng
889,One Million Years B.C.,Nieborów,08/27/2020,9:54 AM,Ddene Paute
890,Amos & Andrew,Syktyvkar,09/29/2020,5:06 PM,Devan Greser
891,Footprints on the Moon (Le orme) (Primal Impulse),Mabilog,12/16/2019,6:41 PM,Liva Plenderleith
892,Breakin' All the Rules,Vinhas,07/07/2020,10:56 AM,Muire Kohter
893,What's Your Number?,Saint John’s,09/04/2020,8:04 PM,Donica Wadham
894,"Married Couple, A",Marston,09/11/2020,2:05 PM,Drusilla Mizzi
895,Here Comes the Boom,Kalahang,04/15/2020,9:12 AM,Webb Bisatt
896,Love is God,Zhengcun,07/28/2020,12:57 PM,Creigh Davydochkin
897,"Rich, Young and Pretty",Hashtpar,04/08/2020,8:13 AM,Loren Angier
898,Vive L'Amour (Ai qing wan sui),Utabi,11/10/2019,2:07 AM,Vanna Carswell
899,"Five Minarets in New York (Act of Vengeance) (Terrorist, The)",Petropavlovsk,09/19/2020,6:30 AM,Krissy Schultheiss
900,Short Circuit,Tsubata,12/30/2019,5:54 AM,Tabby Izkovici
901,"I, Madman",Liugou,01/06/2020,9:08 PM,Rowney Zini
902,"Dreamworlds II: Desire, Sex, Power in Music Video",Dohār,11/20/2019,9:02 PM,Karilynn Dobbison
903,Make It Happen,Baturaja,12/17/2019,4:11 PM,Jedd Pietruszka
904,Street Kings,El Viejo,07/31/2020,4:23 PM,Gae Fullun
905,Asterix at the Olympic Games (Astérix aux jeux olympiques),Pakis,01/29/2020,2:08 PM,Fancy McIlmorow
906,Dark Island,Riosucio,07/25/2020,5:44 AM,Hamish Manneville
907,Boxing Gym,Mullsjö,04/26/2020,10:38 PM,Torin Browne
908,"Shot in the Dark, A",Dar Chabanne,09/11/2020,1:27 AM,Alain de Chastelain
909,Adam's Apples (Adams æbler),Al Ḩawātah,05/31/2020,9:53 AM,Benedict Figgins
910,The Wind in the Willows,Lazi,08/20/2020,6:37 PM,Jeanna Tortoishell
911,"Business, The",Bacungan,11/05/2019,2:25 AM,Arty Lawleff
912,Shadowlands,Jiangkou,08/15/2020,8:28 AM,Gussie Kamall
913,Conquest of Space,Pogórze,10/03/2020,6:38 PM,Petey Kochlin
914,North Beach,Taishan,04/04/2020,12:27 PM,Eziechiele Rubinow
915,"Swindle, The (Rien ne va plus)",Xiachu,08/29/2020,4:27 AM,Chloe Pett
916,Coming Apart,Montreuil,12/13/2019,11:44 PM,Royce Oatley
917,Asterix vs. Caesar (Astérix et la surprise de César),Shatian,03/16/2020,5:54 PM,Melloney Asaaf
918,Dead Man Walking,Wangmeng,01/31/2020,7:32 PM,Rochester Boik
919,Kramer vs. Kramer,Lukavec,03/07/2020,9:49 AM,Katharina Hallows
920,Support Your Local Gunfighter,Aoufous,07/29/2020,9:53 PM,Sioux Kermode
921,...And God Spoke,Toulouse,01/16/2020,7:29 AM,Tilly Dedham
922,"Somewhat Gentle Man, A (En ganske snill mann)",Levin,01/15/2020,3:03 AM,Burr Matchett
923,Death Note,Lezhu,12/11/2019,9:03 AM,Jennette Edes
924,Teen Wolf,Trenton,02/21/2020,10:09 AM,Caz Snoxall
925,Solas,Morelos,10/12/2020,5:57 AM,Ketty Dagon
926,Shadow of a Doubt,Łękawica,01/28/2020,2:11 AM,Evin Runge
927,Mutant Chronicles,Gampingan,12/11/2019,8:58 AM,Allayne Stitfall
928,"Quest, The",Malangabang,01/17/2020,2:33 PM,Otho Salliere
929,Candyman 3: Day of the Dead,Shicheng,01/19/2020,6:42 AM,Brendan Millard
930,"Welcome Home, Roxy Carmichael",Bilicenii Vechi,12/03/2019,10:38 AM,Nealy Gilyott
931,Blank Check,São Mamede de Infesta,10/13/2020,2:43 PM,Jamaal Bellee
932,101 Dalmatians (One Hundred and One Dalmatians),Providence,08/24/2020,2:56 PM,Amelita Spirritt
933,"Goods: Live Hard, Sell Hard, The",Klagenfurt am Wörthersee,03/17/2020,7:41 PM,Carmencita Humm
934,"Rally 'Round the Flag, Boys!",Sukhobezvodnoye,07/01/2020,5:31 AM,Sibylle Crowther
935,Metro Manila,Rychvald,09/30/2020,9:46 AM,Peadar Pavy
936,Demetrius and the Gladiators,Al Qadmūs,08/16/2020,12:40 AM,Rosalie Primo
937,"Great Rock 'n' Roll Swindle, The",Lianghe,08/01/2020,2:03 PM,Rolando Shillabeare
938,Wisegirls,Yingshouyingzi,11/12/2019,6:11 AM,Judd Knapp
939,The Inhabited Island,Kramat,03/29/2020,10:08 PM,Brad MacGuffog
940,Paradise for Three,Xiaopu,04/02/2020,6:51 AM,Orsola Doolan
941,Recipes for Disaster,Risaralda,10/24/2019,4:30 AM,Fedora Polin
942,Rob the Mob,Bungtiang Barat,07/17/2020,4:56 PM,Dulcinea Cord
943,The Forgotten Woman,Brzeszcze,08/18/2020,12:07 AM,Paco Nurdin
944,Cockneys vs Zombies,Erjiegou,03/10/2020,1:27 PM,Petr Artois
945,"Cry, The (Grido, Il)",Sakaraha,05/08/2020,6:52 PM,Malcolm Note
946,My Dear Enemy (Meotjin haru),Haiyan,04/01/2020,6:26 PM,Gill Badini
947,Wit,Majagual,08/12/2020,11:26 AM,Chrystal Setterington
948,Chameleon (Kaméleon),Oslo,03/24/2020,8:06 PM,Hinze McShane
949,"Arrow, The",Tres Isletas,09/23/2020,7:57 AM,Maxine Leahy
950,"Outlaw Josey Wales, The",Labytnangi,09/13/2020,12:09 AM,Isaak Cutmere
951,Somewhere Under the Broad Sky,Caxarias,07/29/2020,1:49 PM,Jolyn McTeague
952,Luther the Geek,Akademicheskoe,07/03/2020,4:44 AM,Derek Gussin
953,"Captive, The (La captive)",Olsztynek,11/20/2019,10:43 AM,Leroi Tarver
954,"Extremely Goofy Movie, An",Atamanovka,01/27/2020,7:43 AM,Angeline Ashfull
955,"Ten Commandments, The",Despotovac,03/16/2020,5:46 PM,Clementina Olivier
956,Tomorrow at Dawn (Demain dès l'aube),Huangascar,05/09/2020,2:29 PM,Kendre Fears
957,Avalon,Yaogu,11/10/2019,5:35 AM,Phelia McDirmid
958,Secret Ballot (Raye makhfi),Kibre Mengist,09/07/2020,5:01 PM,Graig Thamelt
959,Jade Warrior (Jadesoturi),Cesvaine,12/07/2019,5:29 AM,Hollie Wise
960,Citizenfour,Guilmaro,03/13/2020,4:17 PM,Zerk Reckless
961,Broken Arrow,Takehara,02/09/2020,4:14 AM,Bryana Cantua
962,Doc,Naawan,07/14/2020,6:18 AM,Paolina Saladino
963,West Side Story,Marina,04/14/2020,8:11 AM,Gray Bodocs
964,"Leo's Room (Cuarto de Leo, El)",Bromma,07/09/2020,9:10 AM,Garrott MacTague
965,Walking with Monsters,Sortavala,08/24/2020,3:01 AM,Townie Guest
966,"Hush... Hush, Sweet Charlotte",Gudermes,06/16/2020,8:09 AM,Janna Mattheus
967,"Deux mondes, Les",Otavi,09/17/2020,12:03 AM,Cybil Ebdin
968,"Lottery, The",Mochishche,09/23/2020,2:27 AM,Karine Enric
969,Block Party (a.k.a. Dave Chappelle's Block Party),Tianfen,04/04/2020,9:06 AM,Hakeem Coleman
970,Water-mirror of Granada,Sanxi,05/14/2020,5:57 PM,Kelley Alltimes
971,American Pie Presents Beta House (American Pie 6: Beta House),Aelande,10/24/2019,6:05 AM,Katie Wooffitt
972,Bushwhacked,Barmash,06/17/2020,10:48 AM,Lu Figgures
973,Blood Out,Levallois-Perret,10/13/2020,1:09 AM,Georgeanne Barkes
974,Freakonomics,Château-Richer,02/05/2020,7:01 AM,Emmy Ettery
975,Painted Skin,Maromme,05/18/2020,2:36 AM,Sandro Hartzog
976,Dogs,Grazhdanka,07/10/2020,1:57 AM,Ofelia Shearsby
977,"Vodka, Mr. Palmu (Vodkaa, komisario Palmu)",Ul,05/30/2020,11:25 PM,Merrick Duffill
978,"Incruste, L' (a.k.a. L'Incruste, fallait pas le laisser entrer!)",Chashnikovo,08/12/2020,8:07 AM,Celia Brussels
979,Wedding Crashers,Talakag,12/27/2019,4:02 PM,Crystie Tolworthie
980,Indian Summer (a.k.a. The Professor) (La prima notte di quiete),‘Ābūd,12/25/2019,12:25 AM,Lyn Carass
981,"Cabin in the Woods, The",Cheremshan,01/20/2020,12:20 PM,Gloriana Note
982,Serpico,Jincheng,02/01/2020,10:20 PM,Freedman Iffe
983,Dinosaurus!,Xom Tan Long,01/09/2020,10:57 AM,Harlen Eilert
984,King Kong Escapes (Kingu Kongu no gyakushû),Karantaba,10/25/2019,11:46 PM,Jess Syms
985,Cinderella,Novaya Usman’,08/08/2020,6:54 AM,Rickert Cater
986,"Innocent Affair, An (Don't Trust Your Husband) (Under Suspicion)",Tapon,05/26/2020,8:05 PM,Ardyth Crickett
987,"Needle, The (Igla)",Ntoroko,04/08/2020,10:37 AM,Timmi Bedson
988,"Waiting Room, The",Tuanshan,12/04/2019,10:58 PM,Leisha Serridge
989,Steel,Angoulême,01/07/2020,8:53 AM,Gaspar Ingleton
990,Leprechaun 2,Buzovna,02/06/2020,1:45 PM,Patsy Grindrod
991,Angel Heart,Pandasan,04/15/2020,2:21 PM,Abbi Kidner
992,First Strike (Police Story 4: First Strike) (Ging chaat goo si 4: Ji gaan daan yam mo),Luxi,08/28/2020,3:12 PM,Pollyanna Knowling
993,Cyborg 2: Glass Shadow,Temblador,01/22/2020,3:57 PM,Grover Tavernor
994,Blood Simple,Qırmızı Samux,09/17/2020,10:26 PM,Jennee Polgreen
995,White Fang 2: Myth of the White Wolf,Libiąż,01/14/2020,3:30 PM,Collie Edrich
996,Trekkies 2,Río Campo,09/09/2020,10:12 AM,Zara Pearsall
997,Land of the Dead,Jincheng,04/17/2020,7:51 PM,Obed Cummins
998,"Last Witness, The",Presidente Bernardes,01/19/2020,10:43 PM,Clem Staker
999,"Punk Singer, The",Kolirerek,11/21/2019,6:06 AM,Pattin McGarahan
1000,Knuckleball!,Guay,03/13/2020,4:25 AM,Corrianne Wemm
49899959-a90a-4e55-bd3f-5b6d65c96d4a,Painted,Maromme,12/27/2019,12:20 PM,Jess Syms
fb1c42e2-68c9-423a-93f5-5eb7e1d713f8,"Americanization of Dima", The New York city,09/25/2020,8:37 PM,Dmytro Uchkin
e918540f-d869-4e2e-bbd6-2a55b1317b0f,"Americanization of Dima", The New York city,09/25/2020,8:37 PM,Dmytro Uchkin
abeded4d-894b-4668-8a46-e254c193b69f,"Americanization of Dima", The New York city,09/25/2020,8:37 PM,Dmytro Uchkin
a764273d-f761-4b24-990a-26cb498a3759,"Americanization of Dima", The New York city,09/25/2020,8:37 PM,Dmytro Uchkin
50b8a998-f2f3-4350-978d-017e8ded40ba,"Americanization of Dima", The New York city,09/25/2020,8:37 PM,Dmytro Uchkin
